ID_REGISTRO_DEMO|NUM_PARTNANDI|VALOR_UNITARIO|FOB_DOLAR|PESO_NETO|MODELO_GANADOR|RANK_SEVERIDAD_VU|ADUANA
8368|1005909000-LOS DEMAS MAICES|94.0952380952381|1976.0|21.0|IQR_SUBPARTIDA|1.0|MARITIMA DEL CALLAO
39574|1005909000-LOS DEMAS MAICES|94.0952380952381|1976.0|21.0|IQR_SUBPARTIDA|1.0|MARITIMA DEL CALLAO
7096|1005909000-LOS DEMAS MAICES|89.14285714285714|1872.0|21.0|IQR_SUBPARTIDA|2.0|MARITIMA DEL CALLAO
7117|1005909000-LOS DEMAS MAICES|89.14285714285714|1872.0|21.0|IQR_SUBPARTIDA|2.0|MARITIMA DEL CALLAO
7212|1005909000-LOS DEMAS MAICES|88.78048780487805|3640.0|41.0|IQR_SUBPARTIDA|3.0|MARITIMA DEL CALLAO
7243|1005909000-LOS DEMAS MAICES|88.78048780487805|3640.0|41.0|IQR_SUBPARTIDA|3.0|MARITIMA DEL CALLAO
6348|1005909000-LOS DEMAS MAICES|87.71084337349397|7280.0|83.0|IQR_SUBPARTIDA|4.0|MARITIMA DEL CALLAO
6517|1005909000-LOS DEMAS MAICES|86.66666666666667|1820.0|21.0|IQR_SUBPARTIDA|5.0|MARITIMA DEL CALLAO
7206|1005909000-LOS DEMAS MAICES|72.83333333333333|437.0|6.0|IQR_SUBPARTIDA|6.0|MARITIMA DEL CALLAO
7744|1005909000-LOS DEMAS MAICES|65.71428571428571|460.0|7.0|IQR_SUBPARTIDA|7.0|MARITIMA DEL CALLAO
39575|1005909000-LOS DEMAS MAICES|34.6462962962963|18709.0|540.0|IQR_SUBPARTIDA|8.0|MARITIMA DEL CALLAO
8369|1005909000-LOS DEMAS MAICES|34.61224489795919|8480.0|245.0|IQR_SUBPARTIDA|9.0|MARITIMA DEL CALLAO
6518|1005909000-LOS DEMAS MAICES|31.80327868852459|3880.0|122.0|IQR_SUBPARTIDA|10.0|MARITIMA DEL CALLAO
7215|1005909000-LOS DEMAS MAICES|31.80327868852459|3880.0|122.0|IQR_SUBPARTIDA|10.0|MARITIMA DEL CALLAO
7242|1005909000-LOS DEMAS MAICES|31.80327868852459|3880.0|122.0|IQR_SUBPARTIDA|10.0|MARITIMA DEL CALLAO
6347|1005909000-LOS DEMAS MAICES|31.6734693877551|7760.0|245.0|IQR_SUBPARTIDA|11.0|MARITIMA DEL CALLAO
8176|1005909000-LOS DEMAS MAICES|29.378395721925134|5493.76|187.0|IQR_SUBPARTIDA|12.0|MARITIMA DEL CALLAO
355660|1005909000-LOS DEMAS MAICES|17.4|34.8|2.0|IQR_SUBPARTIDA|13.0|AEREA Y POSTAL EX - IAAC
357807|1005909000-LOS DEMAS MAICES|15.2|15.2|1.0|IQR_SUBPARTIDA|14.0|AEREA Y POSTAL EX - IAAC
297852|1005909000-LOS DEMAS MAICES|14.868|743.4|50.0|IQR_SUBPARTIDA|15.0|AEREA Y POSTAL EX - IAAC
8028|1005909000-LOS DEMAS MAICES|12.670893371757925|4396.8|347.0|IQR_SUBPARTIDA|16.0|MARITIMA DEL CALLAO
7780|1005909000-LOS DEMAS MAICES|12.068181818181818|796.5|66.0|IQR_SUBPARTIDA|17.0|AEREA Y POSTAL EX - IAAC
8482|1005909000-LOS DEMAS MAICES|10.580645161290322|3280.0|310.0|IQR_SUBPARTIDA|18.0|MARITIMA DEL CALLAO
39565|1005909000-LOS DEMAS MAICES|10.5|42.0|4.0|IQR_SUBPARTIDA|19.0|AEREA Y POSTAL EX - IAAC
355112|1005909000-LOS DEMAS MAICES|10.5|21.0|2.0|IQR_SUBPARTIDA|19.0|AEREA Y POSTAL EX - IAAC
297855|1005909000-LOS DEMAS MAICES|10.285714285714286|360.0|35.0|IQR_SUBPARTIDA|20.0|AEREA Y POSTAL EX - IAAC
8087|1005909000-LOS DEMAS MAICES|10.218884462151395|2564.94|251.0|IQR_SUBPARTIDA|21.0|MARITIMA DEL CALLAO
297851|1005909000-LOS DEMAS MAICES|10.204081632653061|500.0|49.0|IQR_SUBPARTIDA|22.0|AEREA Y POSTAL EX - IAAC
355084|1005909000-LOS DEMAS MAICES|10.204081632653061|500.0|49.0|IQR_SUBPARTIDA|22.0|AEREA Y POSTAL EX - IAAC
7767|1005909000-LOS DEMAS MAICES|10.0|20.0|2.0|IQR_SUBPARTIDA|23.0|AEREA Y POSTAL EX - IAAC
355104|1005909000-LOS DEMAS MAICES|10.0|40.0|4.0|IQR_SUBPARTIDA|23.0|AEREA Y POSTAL EX - IAAC
8487|1005909000-LOS DEMAS MAICES|9.800796812749004|9840.0|1004.0|IQR_SUBPARTIDA|24.0|MARITIMA DEL CALLAO
6571|1005909000-LOS DEMAS MAICES|9.096774193548388|2820.0|310.0|IQR_SUBPARTIDA|25.0|MARITIMA DEL CALLAO
39677|1005909000-LOS DEMAS MAICES|8.850226928895612|35100.0|3966.0|IQR_SUBPARTIDA|26.0|MARITIMA DEL CALLAO
8474|1005909000-LOS DEMAS MAICES|8.785714285714286|2460.0|280.0|IQR_SUBPARTIDA|27.0|MARITIMA DEL CALLAO
8489|1005909000-LOS DEMAS MAICES|8.264591439688717|4248.0|514.0|IQR_SUBPARTIDA|28.0|MARITIMA DEL CALLAO
8481|1005909000-LOS DEMAS MAICES|8.253094910591471|6000.0|727.0|IQR_SUBPARTIDA|29.0|MARITIMA DEL CALLAO
6415|1005909000-LOS DEMAS MAICES|8.064516129032258|750.0|93.0|IQR_SUBPARTIDA|30.0|MARITIMA DEL CALLAO
8484|1005909000-LOS DEMAS MAICES|7.788461538461538|12960.0|1664.0|IQR_SUBPARTIDA|31.0|MARITIMA DEL CALLAO
291634|1005909000-LOS DEMAS MAICES|7.766544117647059|4225.0|544.0|IQR_SUBPARTIDA|32.0|MARITIMA DEL CALLAO
6562|1005909000-LOS DEMAS MAICES|7.753479125248509|3900.0|503.0|IQR_SUBPARTIDA|33.0|MARITIMA DEL CALLAO
152277|1005909000-LOS DEMAS MAICES|7.7033000000000005|1540.66|200.0|IQR_SUBPARTIDA|34.0|MARITIMA DEL CALLAO
8485|1005909000-LOS DEMAS MAICES|7.7005347593582885|8640.0|1122.0|IQR_SUBPARTIDA|35.0|MARITIMA DEL CALLAO
6422|1005909000-LOS DEMAS MAICES|7.659574468085107|1800.0|235.0|IQR_SUBPARTIDA|36.0|MARITIMA DEL CALLAO
8486|1005909000-LOS DEMAS MAICES|7.560581583198708|9360.0|1238.0|IQR_SUBPARTIDA|37.0|MARITIMA DEL CALLAO
6376|1005909000-LOS DEMAS MAICES|7.491329479768786|1296.0|173.0|IQR_SUBPARTIDA|38.0|MARITIMA DEL CALLAO
152285|1005909000-LOS DEMAS MAICES|7.466749999999999|1493.35|200.0|IQR_SUBPARTIDA|39.0|MARITIMA DEL CALLAO
6573|1005909000-LOS DEMAS MAICES|7.421052631578948|2115.0|285.0|IQR_SUBPARTIDA|40.0|MARITIMA DEL CALLAO
8480|1005909000-LOS DEMAS MAICES|7.223954060705497|8806.0|1219.0|IQR_SUBPARTIDA|41.0|MARITIMA DEL CALLAO
6389|1005909000-LOS DEMAS MAICES|7.205333333333333|216.16|30.0|IQR_SUBPARTIDA|42.0|AEREA Y POSTAL EX - IAAC
101161|1005909000-LOS DEMAS MAICES|7.194482758620689|9388.8|1305.0|IQR_SUBPARTIDA|43.0|MARITIMA DEL CALLAO
101090|1005909000-LOS DEMAS MAICES|7.154626865671642|2396.8|335.0|IQR_SUBPARTIDA|44.0|MARITIMA DEL CALLAO
8483|1005909000-LOS DEMAS MAICES|6.928406466512702|9000.0|1299.0|IQR_SUBPARTIDA|45.0|MARITIMA DEL CALLAO
8379|1005909000-LOS DEMAS MAICES|6.8886486486486485|6372.0|925.0|IQR_SUBPARTIDA|46.0|MARITIMA DEL CALLAO
101153|1005909000-LOS DEMAS MAICES|6.63370786516854|10627.2|1602.0|IQR_SUBPARTIDA|47.0|MARITIMA DEL CALLAO
6572|1005909000-LOS DEMAS MAICES|6.573705179282869|3300.0|502.0|IQR_SUBPARTIDA|48.0|MARITIMA DEL CALLAO
6090|1005909000-LOS DEMAS MAICES|6.54|1962.0|300.0|IQR_SUBPARTIDA|49.0|MARITIMA DEL CALLAO
6093|1005909000-LOS DEMAS MAICES|6.54|981.0|150.0|IQR_SUBPARTIDA|49.0|MARITIMA DEL CALLAO
6095|1005909000-LOS DEMAS MAICES|6.54|981.0|150.0|IQR_SUBPARTIDA|49.0|MARITIMA DEL CALLAO
6097|1005909000-LOS DEMAS MAICES|6.54|981.0|150.0|IQR_SUBPARTIDA|49.0|MARITIMA DEL CALLAO
8479|1005909000-LOS DEMAS MAICES|6.415841584158416|12960.0|2020.0|IQR_SUBPARTIDA|50.0|MARITIMA DEL CALLAO
7207|1005909000-LOS DEMAS MAICES|6.38|12.76|2.0|IQR_SUBPARTIDA|51.0|AEREA Y POSTAL EX - IAAC
101152|1005909000-LOS DEMAS MAICES|6.362068965517241|8302.5|1305.0|IQR_SUBPARTIDA|52.0|MARITIMA DEL CALLAO
6998|1005909000-LOS DEMAS MAICES|6.304039408866995|2559.44|406.0|IQR_SUBPARTIDA|53.0|MARITIMA DEL CALLAO
6999|1005909000-LOS DEMAS MAICES|6.304039408866995|2559.44|406.0|IQR_SUBPARTIDA|53.0|MARITIMA DEL CALLAO
191060|1005909000-LOS DEMAS MAICES|6.295081967213115|3840.0|610.0|IQR_SUBPARTIDA|54.0|MARITIMA DEL CALLAO
7070|1005909000-LOS DEMAS MAICES|6.0|6.0|1.0|IQR_SUBPARTIDA|55.0|MARITIMA DEL CALLAO
94593|1005909000-LOS DEMAS MAICES|6.0|6.0|1.0|IQR_SUBPARTIDA|55.0|AEREA Y POSTAL EX - IAAC
273308|1005909000-LOS DEMAS MAICES|6.0|240.0|40.0|IQR_SUBPARTIDA|55.0|AEREA Y POSTAL EX - IAAC
7228|1005909000-LOS DEMAS MAICES|5.892857142857143|825.0|140.0|IQR_SUBPARTIDA|56.0|MARITIMA DEL CALLAO
7115|1005909000-LOS DEMAS MAICES|5.849475357710652|3679.32|629.0|IQR_SUBPARTIDA|57.0|MARITIMA DEL CALLAO
6898|1005909000-LOS DEMAS MAICES|5.835151515151515|1733.04|297.0|IQR_SUBPARTIDA|58.0|MARITIMA DEL CALLAO
8378|1005909000-LOS DEMAS MAICES|5.663647233201581|5731.611|1012.0|IQR_SUBPARTIDA|59.0|MARITIMA DEL CALLAO
7229|1005909000-LOS DEMAS MAICES|5.5|825.0|150.0|IQR_SUBPARTIDA|60.0|MARITIMA DEL CALLAO
7749|1005909000-LOS DEMAS MAICES|5.3076923076923075|69.0|13.0|IQR_SUBPARTIDA|61.0|AEREA Y POSTAL EX - IAAC
8810|1005909000-LOS DEMAS MAICES|5.302723094170404|4730.029|892.0|IQR_SUBPARTIDA|62.0|MARITIMA DEL CALLAO
39795|1005909000-LOS DEMAS MAICES|5.265599116510216|19072.0|3622.0|IQR_SUBPARTIDA|63.0|MARITIMA DEL CALLAO
7302|1005909000-LOS DEMAS MAICES|0.7352941176470589|18750.0|25500.0|IQR_SUBPARTIDA|1100.0|TUMBES
7296|1005909000-LOS DEMAS MAICES|0.7|10850.0|15500.0|IQR_SUBPARTIDA|1101.0|TUMBES
7297|1005909000-LOS DEMAS MAICES|0.7|17045.0|24350.0|IQR_SUBPARTIDA|1101.0|TUMBES
7298|1005909000-LOS DEMAS MAICES|0.7|11550.0|16500.0|IQR_SUBPARTIDA|1101.0|TUMBES
7299|1005909000-LOS DEMAS MAICES|0.7|12215.0|17450.0|IQR_SUBPARTIDA|1101.0|TUMBES
7300|1005909000-LOS DEMAS MAICES|0.7|14280.0|20400.0|IQR_SUBPARTIDA|1101.0|TUMBES
7301|1005909000-LOS DEMAS MAICES|0.7|17500.0|25000.0|IQR_SUBPARTIDA|1101.0|TUMBES
273432|1005909000-LOS DEMAS MAICES|0.625|12.5|20.0|IQR_SUBPARTIDA|1102.0|AEREA Y POSTAL EX - IAAC
6757|1005909000-LOS DEMAS MAICES|0.33999999999999997|3.4|10.0|IQR_SUBPARTIDA|1103.0|AEREA Y POSTAL EX - IAAC
7344|1005909000-LOS DEMAS MAICES|0.2|1190.0|5950.0|IQR_SUBPARTIDA|1104.0|TACNA
7351|1005909000-LOS DEMAS MAICES|0.16049382716049382|260.0|1620.0|IQR_SUBPARTIDA|1105.0|TACNA
7348|1005909000-LOS DEMAS MAICES|0.16028368794326242|452.0|2820.0|IQR_SUBPARTIDA|1106.0|TACNA
7347|1005909000-LOS DEMAS MAICES|0.16023738872403562|540.0|3370.0|IQR_SUBPARTIDA|1107.0|TACNA
7311|1005909000-LOS DEMAS MAICES|0.16|648.0|4050.0|IQR_SUBPARTIDA|1108.0|TACNA
7349|1005909000-LOS DEMAS MAICES|0.16|600.0|3750.0|IQR_SUBPARTIDA|1108.0|TACNA
7312|1005909000-LOS DEMAS MAICES|0.15950920245398773|260.0|1630.0|IQR_SUBPARTIDA|1109.0|TACNA
8605|1005909000-LOS DEMAS MAICES|0.14037433155080214|262.5|1870.0|IQR_SUBPARTIDA|1110.0|TACNA
8566|1005909000-LOS DEMAS MAICES|0.14036458333333332|269.5|1920.0|IQR_SUBPARTIDA|1111.0|TACNA
8603|1005909000-LOS DEMAS MAICES|0.14025270758122743|388.5|2770.0|IQR_SUBPARTIDA|1112.0|TACNA
8601|1005909000-LOS DEMAS MAICES|0.14020771513353117|472.5|3370.0|IQR_SUBPARTIDA|1113.0|TACNA
7350|1005909000-LOS DEMAS MAICES|0.14|350.0|2500.0|IQR_SUBPARTIDA|1114.0|TACNA
8567|1005909000-LOS DEMAS MAICES|0.14|245.0|1750.0|IQR_SUBPARTIDA|1114.0|TACNA
8568|1005909000-LOS DEMAS MAICES|0.14|245.0|1750.0|IQR_SUBPARTIDA|1114.0|TACNA
8569|1005909000-LOS DEMAS MAICES|0.14|280.0|2000.0|IQR_SUBPARTIDA|1114.0|TACNA
8600|1005909000-LOS DEMAS MAICES|0.14|420.0|3000.0|IQR_SUBPARTIDA|1114.0|TACNA
8604|1005909000-LOS DEMAS MAICES|0.1396788990825688|304.5|2180.0|IQR_SUBPARTIDA|1115.0|TACNA
7352|1005909000-LOS DEMAS MAICES|0.12016574585635359|435.0|3620.0|IQR_SUBPARTIDA|1116.0|TACNA
7313|1005909000-LOS DEMAS MAICES|0.12|300.0|2500.0|IQR_SUBPARTIDA|1117.0|TACNA
7336|1005909000-LOS DEMAS MAICES|0.12|594.0|4950.0|IQR_SUBPARTIDA|1117.0|TACNA
7353|1005909000-LOS DEMAS MAICES|0.12|378.0|3150.0|IQR_SUBPARTIDA|1117.0|TACNA
8602|1005909000-LOS DEMAS MAICES|0.12|798.0|6650.0|IQR_SUBPARTIDA|1117.0|TACNA
7310|1005909000-LOS DEMAS MAICES|0.11214953271028037|72.0|642.0|IQR_SUBPARTIDA|1118.0|TACNA
7684|1005909000-LOS DEMAS MAICES|0.10235294117647059|261.0|2550.0|IQR_SUBPARTIDA|1119.0|TACNA
6267|1005909000-LOS DEMAS MAICES|0.1|50.0|500.0|IQR_SUBPARTIDA|1120.0|TACNA
7123|1005909000-LOS DEMAS MAICES|0.1|22.5|225.0|IQR_SUBPARTIDA|1120.0|TACNA
7306|1005909000-LOS DEMAS MAICES|0.1|125.0|1250.0|IQR_SUBPARTIDA|1120.0|TACNA
7307|1005909000-LOS DEMAS MAICES|0.1|1195.0|11950.0|IQR_SUBPARTIDA|1120.0|TACNA
7308|1005909000-LOS DEMAS MAICES|0.1|495.0|4950.0|IQR_SUBPARTIDA|1120.0|TACNA
7314|1005909000-LOS DEMAS MAICES|0.1|1290.0|12900.0|IQR_SUBPARTIDA|1120.0|TACNA
7315|1005909000-LOS DEMAS MAICES|0.1|97.5|975.0|IQR_SUBPARTIDA|1120.0|TACNA
7316|1005909000-LOS DEMAS MAICES|0.1|200.0|2000.0|IQR_SUBPARTIDA|1120.0|TACNA
7317|1005909000-LOS DEMAS MAICES|0.1|295.0|2950.0|IQR_SUBPARTIDA|1120.0|TACNA
7318|1005909000-LOS DEMAS MAICES|0.1|300.0|3000.0|IQR_SUBPARTIDA|1120.0|TACNA
7319|1005909000-LOS DEMAS MAICES|0.1|250.0|2500.0|IQR_SUBPARTIDA|1120.0|TACNA
7320|1005909000-LOS DEMAS MAICES|0.1|297.5|2975.0|IQR_SUBPARTIDA|1120.0|TACNA
7321|1005909000-LOS DEMAS MAICES|0.1|1000.0|10000.0|IQR_SUBPARTIDA|1120.0|TACNA
7322|1005909000-LOS DEMAS MAICES|0.1|1082.5|10825.0|IQR_SUBPARTIDA|1120.0|TACNA
7323|1005909000-LOS DEMAS MAICES|0.1|297.5|2975.0|IQR_SUBPARTIDA|1120.0|TACNA
7324|1005909000-LOS DEMAS MAICES|0.1|145.0|1450.0|IQR_SUBPARTIDA|1120.0|TACNA
7325|1005909000-LOS DEMAS MAICES|0.1|2700.0|27000.0|IQR_SUBPARTIDA|1120.0|TACNA
7326|1005909000-LOS DEMAS MAICES|0.1|592.5|5925.0|IQR_SUBPARTIDA|1120.0|TACNA
7327|1005909000-LOS DEMAS MAICES|0.1|197.5|1975.0|IQR_SUBPARTIDA|1120.0|TACNA
7328|1005909000-LOS DEMAS MAICES|0.1|990.0|9900.0|IQR_SUBPARTIDA|1120.0|TACNA
7329|1005909000-LOS DEMAS MAICES|0.1|372.5|3725.0|IQR_SUBPARTIDA|1120.0|TACNA
7330|1005909000-LOS DEMAS MAICES|0.1|1100.0|11000.0|IQR_SUBPARTIDA|1120.0|TACNA
7331|1005909000-LOS DEMAS MAICES|0.1|1460.0|14600.0|IQR_SUBPARTIDA|1120.0|TACNA
7332|1005909000-LOS DEMAS MAICES|0.1|1800.0|18000.0|IQR_SUBPARTIDA|1120.0|TACNA
7333|1005909000-LOS DEMAS MAICES|0.1|1600.0|16000.0|IQR_SUBPARTIDA|1120.0|TACNA
7334|1005909000-LOS DEMAS MAICES|0.1|162.5|1625.0|IQR_SUBPARTIDA|1120.0|TACNA
7335|1005909000-LOS DEMAS MAICES|0.1|885.0|8850.0|IQR_SUBPARTIDA|1120.0|TACNA
7337|1005909000-LOS DEMAS MAICES|0.1|995.0|9950.0|IQR_SUBPARTIDA|1120.0|TACNA
7338|1005909000-LOS DEMAS MAICES|0.1|397.5|3975.0|IQR_SUBPARTIDA|1120.0|TACNA
7339|1005909000-LOS DEMAS MAICES|0.1|297.5|2975.0|IQR_SUBPARTIDA|1120.0|TACNA
7340|1005909000-LOS DEMAS MAICES|0.1|1467.5|14675.0|IQR_SUBPARTIDA|1120.0|TACNA
7342|1005909000-LOS DEMAS MAICES|0.1|400.0|4000.0|IQR_SUBPARTIDA|1120.0|TACNA
7357|1005909000-LOS DEMAS MAICES|0.1|400.0|4000.0|IQR_SUBPARTIDA|1120.0|TACNA
7685|1005909000-LOS DEMAS MAICES|0.1|500.0|5000.0|IQR_SUBPARTIDA|1120.0|TACNA
7686|1005909000-LOS DEMAS MAICES|0.1|1795.0|17950.0|IQR_SUBPARTIDA|1120.0|TACNA
8066|1005909000-LOS DEMAS MAICES|0.1|301.0|3010.0|IQR_SUBPARTIDA|1120.0|TACNA
8723|1005909000-LOS DEMAS MAICES|0.1|300.0|3000.0|IQR_SUBPARTIDA|1120.0|TACNA
7341|1005909000-LOS DEMAS MAICES|0.08|322.0|4025.0|IQR_SUBPARTIDA|1121.0|TACNA
7343|1005909000-LOS DEMAS MAICES|0.08|618.0|7725.0|IQR_SUBPARTIDA|1121.0|TACNA
40392|1005909000-LOS DEMAS MAICES|0.0055248618784530384|1.0|181.0|IQR_SUBPARTIDA|1122.0|MARITIMA DEL CALLAO
7358|1005909000-LOS DEMAS MAICES|0.004|24.5|6125.0|IQR_SUBPARTIDA|1123.0|TACNA
123993|1008509000-QUINUA, EXCEPTO PARA LA SIEMBRA|23473.8|23473.8|1.0|ROBUST_Z_SUBPARTIDA|1.0|MARITIMA DEL CALLAO
123956|1008509000-QUINUA, EXCEPTO PARA LA SIEMBRA|93.39805825242719|9620.0|103.0|ROBUST_Z_SUBPARTIDA|2.0|MARITIMA DEL CALLAO
123955|1008509000-QUINUA, EXCEPTO PARA LA SIEMBRA|93.09677419354838|5772.0|62.0|ROBUST_Z_SUBPARTIDA|3.0|MARITIMA DEL CALLAO
125391|1008509000-QUINUA, EXCEPTO PARA LA SIEMBRA|41.37011666666667|2482.207|60.0|ROBUST_Z_SUBPARTIDA|4.0|MARITIMA DEL CALLAO
126970|1008509000-QUINUA, EXCEPTO PARA LA SIEMBRA|39.19169037656904|9366.814|239.0|ROBUST_Z_SUBPARTIDA|5.0|MARITIMA DEL CALLAO
126301|1008509000-QUINUA, EXCEPTO PARA LA SIEMBRA|37.52163758389262|5590.724|149.0|ROBUST_Z_SUBPARTIDA|6.0|MARITIMA DEL CALLAO
122587|1008509000-QUINUA, EXCEPTO PARA LA SIEMBRA|36.02001428571429|7564.203|210.0|ROBUST_Z_SUBPARTIDA|7.0|MARITIMA DEL CALLAO
124267|1008509000-QUINUA, EXCEPTO PARA LA SIEMBRA|35.72|14288.0|400.0|ROBUST_Z_SUBPARTIDA|8.0|MARITIMA DEL CALLAO
125198|1008509000-QUINUA, EXCEPTO PARA LA SIEMBRA|18.803666|18803.666|1000.0|ROBUST_Z_SUBPARTIDA|9.0|MARITIMA DEL CALLAO
290205|1008509000-QUINUA, EXCEPTO PARA LA SIEMBRA|18.0|288.0|16.0|ROBUST_Z_SUBPARTIDA|10.0|MARITIMA DEL CALLAO
293176|1008509000-QUINUA, EXCEPTO PARA LA SIEMBRA|17.28|86.4|5.0|ROBUST_Z_SUBPARTIDA|11.0|MARITIMA DEL CALLAO
293147|1008509000-QUINUA, EXCEPTO PARA LA SIEMBRA|16.45777777777778|592.48|36.0|ROBUST_Z_SUBPARTIDA|12.0|MARITIMA DEL CALLAO
293149|1008509000-QUINUA, EXCEPTO PARA LA SIEMBRA|16.45777777777778|592.48|36.0|ROBUST_Z_SUBPARTIDA|12.0|MARITIMA DEL CALLAO
293175|1008509000-QUINUA, EXCEPTO PARA LA SIEMBRA|16.45777777777778|592.48|36.0|ROBUST_Z_SUBPARTIDA|12.0|MARITIMA DEL CALLAO
124475|1008509000-QUINUA, EXCEPTO PARA LA SIEMBRA|16.456333333333333|49.369|3.0|ROBUST_Z_SUBPARTIDA|13.0|MARITIMA DEL CALLAO
127166|1008509000-QUINUA, EXCEPTO PARA LA SIEMBRA|16.456333333333333|49.369|3.0|ROBUST_Z_SUBPARTIDA|13.0|MARITIMA DEL CALLAO
125702|1008509000-QUINUA, EXCEPTO PARA LA SIEMBRA|13.659751037344398|3292.0|241.0|ROBUST_Z_SUBPARTIDA|14.0|AEREA Y POSTAL EX - IAAC
125705|1008509000-QUINUA, EXCEPTO PARA LA SIEMBRA|12.904191616766466|2155.0|167.0|ROBUST_Z_SUBPARTIDA|15.0|AEREA Y POSTAL EX - IAAC
125701|1008509000-QUINUA, EXCEPTO PARA LA SIEMBRA|12.54225352112676|1781.0|142.0|ROBUST_Z_SUBPARTIDA|16.0|AEREA Y POSTAL EX - IAAC
126143|1008509000-QUINUA, EXCEPTO PARA LA SIEMBRA|12.52|250.4|20.0|ROBUST_Z_SUBPARTIDA|17.0|AEREA Y POSTAL EX - IAAC
122725|1008509000-QUINUA, EXCEPTO PARA LA SIEMBRA|12.117279976373302|41029.11|3386.0|ROBUST_Z_SUBPARTIDA|18.0|MARITIMA DEL CALLAO
125704|1008509000-QUINUA, EXCEPTO PARA LA SIEMBRA|11.91304347826087|1644.0|138.0|ROBUST_Z_SUBPARTIDA|19.0|AEREA Y POSTAL EX - IAAC
125703|1008509000-QUINUA, EXCEPTO PARA LA SIEMBRA|11.47969543147208|2261.5|197.0|ROBUST_Z_SUBPARTIDA|20.0|AEREA Y POSTAL EX - IAAC
6073|1008509000-QUINUA, EXCEPTO PARA LA SIEMBRA|11.34|11.34|1.0|ROBUST_Z_SUBPARTIDA|21.0|AEREA Y POSTAL EX - IAAC
6123|1008509000-QUINUA, EXCEPTO PARA LA SIEMBRA|11.34|11.34|1.0|ROBUST_Z_SUBPARTIDA|21.0|AEREA Y POSTAL EX - IAAC
125646|1008509000-QUINUA, EXCEPTO PARA LA SIEMBRA|11.30690990990991|1255.067|111.0|ROBUST_Z_SUBPARTIDA|22.0|AEREA Y POSTAL EX - IAAC
125648|1008509000-QUINUA, EXCEPTO PARA LA SIEMBRA|10.451644859813085|1118.326|107.0|ROBUST_Z_SUBPARTIDA|23.0|AEREA Y POSTAL EX - IAAC
153984|1008509000-QUINUA, EXCEPTO PARA LA SIEMBRA|10.375|62.25|6.0|ROBUST_Z_SUBPARTIDA|24.0|AEREA Y POSTAL EX - IAAC
125647|1008509000-QUINUA, EXCEPTO PARA LA SIEMBRA|9.952092783505154|965.353|97.0|ROBUST_Z_SUBPARTIDA|25.0|AEREA Y POSTAL EX - IAAC
293174|1008509000-QUINUA, EXCEPTO PARA LA SIEMBRA|9.600000000000001|86.4|9.0|ROBUST_Z_SUBPARTIDA|26.0|MARITIMA DEL CALLAO
129459|1008509000-QUINUA, EXCEPTO PARA LA SIEMBRA|9.450007874015748|19202.416|2032.0|ROBUST_Z_SUBPARTIDA|27.0|MARITIMA DEL CALLAO
125846|1008509000-QUINUA, EXCEPTO PARA LA SIEMBRA|9.172661870503598|20400.0|2224.0|ROBUST_Z_SUBPARTIDA|28.0|MARITIMA DEL CALLAO
101400|1008509000-QUINUA, EXCEPTO PARA LA SIEMBRA|9.086651053864168|15520.0|1708.0|ROBUST_Z_SUBPARTIDA|29.0|MARITIMA DEL CALLAO
123368|1008509000-QUINUA, EXCEPTO PARA LA SIEMBRA|8.985090700344431|39130.07|4355.0|ROBUST_Z_SUBPARTIDA|30.0|MARITIMA DEL CALLAO
125135|1008509000-QUINUA, EXCEPTO PARA LA SIEMBRA|8.88888888888889|2400.0|270.0|ROBUST_Z_SUBPARTIDA|31.0|MARITIMA DEL CALLAO
123176|1008509000-QUINUA, EXCEPTO PARA LA SIEMBRA|8.095191451469278|9090.9|1123.0|ROBUST_Z_SUBPARTIDA|32.0|MARITIMA DEL CALLAO
124627|1008509000-QUINUA, EXCEPTO PARA LA SIEMBRA|7.5|1500.0|200.0|ROBUST_Z_SUBPARTIDA|33.0|MARITIMA DEL CALLAO
127248|1008509000-QUINUA, EXCEPTO PARA LA SIEMBRA|7.5|1500.0|200.0|ROBUST_Z_SUBPARTIDA|33.0|MARITIMA DEL CALLAO
126895|1008509000-QUINUA, EXCEPTO PARA LA SIEMBRA|7.0|1890.0|270.0|ROBUST_Z_SUBPARTIDA|34.0|MARITIMA DEL CALLAO
126698|1008509000-QUINUA, EXCEPTO PARA LA SIEMBRA|6.923076923076923|90.0|13.0|ROBUST_Z_SUBPARTIDA|35.0|MARITIMA DEL CALLAO
126914|1008509000-QUINUA, EXCEPTO PARA LA SIEMBRA|6.724137931034483|390.0|58.0|ROBUST_Z_SUBPARTIDA|36.0|MARITIMA DEL CALLAO
123006|1008509000-QUINUA, EXCEPTO PARA LA SIEMBRA|6.7105263157894735|2550.0|380.0|ROBUST_Z_SUBPARTIDA|37.0|MARITIMA DEL CALLAO
126885|1008509000-QUINUA, EXCEPTO PARA LA SIEMBRA|6.7092651757188495|2100.0|313.0|ROBUST_Z_SUBPARTIDA|38.0|MARITIMA DEL CALLAO
126688|1008509000-QUINUA, EXCEPTO PARA LA SIEMBRA|6.7032967032967035|1830.0|273.0|ROBUST_Z_SUBPARTIDA|39.0|MARITIMA DEL CALLAO
124783|1008509000-QUINUA, EXCEPTO PARA LA SIEMBRA|6.688235294117647|113.7|17.0|ROBUST_Z_SUBPARTIDA|40.0|AEREA Y POSTAL EX - IAAC
123406|1008509000-QUINUA, EXCEPTO PARA LA SIEMBRA|6.647120220461591|19296.59|2903.0|ROBUST_Z_SUBPARTIDA|41.0|MARITIMA DEL CALLAO
123063|1008509000-QUINUA, EXCEPTO PARA LA SIEMBRA|6.445714285714286|90.24|14.0|ROBUST_Z_SUBPARTIDA|42.0|AEREA Y POSTAL EX - IAAC
125385|1008509000-QUINUA, EXCEPTO PARA LA SIEMBRA|6.44|5409.6|840.0|ROBUST_Z_SUBPARTIDA|43.0|MARITIMA DEL CALLAO
126948|1008509000-QUINUA, EXCEPTO PARA LA SIEMBRA|6.3972214111922145|13146.29|2055.0|ROBUST_Z_SUBPARTIDA|44.0|MARITIMA DEL CALLAO
126292|1008509000-QUINUA, EXCEPTO PARA LA SIEMBRA|6.387209302325581|2197.2|344.0|ROBUST_Z_SUBPARTIDA|45.0|MARITIMA DEL CALLAO
125707|1008509000-QUINUA, EXCEPTO PARA LA SIEMBRA|6.36976|1592.44|250.0|ROBUST_Z_SUBPARTIDA|46.0|MARITIMA DEL CALLAO
126295|1008509000-QUINUA, EXCEPTO PARA LA SIEMBRA|6.159999999999999|5174.4|840.0|ROBUST_Z_SUBPARTIDA|47.0|MARITIMA DEL CALLAO
125134|1008509000-QUINUA, EXCEPTO PARA LA SIEMBRA|6.08|10214.4|1680.0|ROBUST_Z_SUBPARTIDA|48.0|MARITIMA DEL CALLAO
127130|1008509000-QUINUA, EXCEPTO PARA LA SIEMBRA|6.071694417238001|6199.2|1021.0|ROBUST_Z_SUBPARTIDA|49.0|MARITIMA DEL CALLAO
124784|1008509000-QUINUA, EXCEPTO PARA LA SIEMBRA|5.984210526315789|227.4|38.0|ROBUST_Z_SUBPARTIDA|50.0|AEREA Y POSTAL EX - IAAC
124031|1008509000-QUINUA, EXCEPTO PARA LA SIEMBRA|5.96|15019.2|2520.0|ROBUST_Z_SUBPARTIDA|51.0|MARITIMA DEL CALLAO
125624|1008509000-QUINUA, EXCEPTO PARA LA SIEMBRA|5.882847702012616|19584.0|3329.0|ROBUST_Z_SUBPARTIDA|52.0|MARITIMA DEL CALLAO
125625|1008509000-QUINUA, EXCEPTO PARA LA SIEMBRA|5.882352941176471|7200.0|1224.0|ROBUST_Z_SUBPARTIDA|53.0|MARITIMA DEL CALLAO
125623|1008509000-QUINUA, EXCEPTO PARA LA SIEMBRA|5.881904761904762|9264.0|1575.0|ROBUST_Z_SUBPARTIDA|54.0|MARITIMA DEL CALLAO
124785|1008509000-QUINUA, EXCEPTO PARA LA SIEMBRA|5.801020408163265|284.25|49.0|ROBUST_Z_SUBPARTIDA|55.0|AEREA Y POSTAL EX - IAAC
125164|1008509000-QUINUA, EXCEPTO PARA LA SIEMBRA|5.798571428571429|81.18|14.0|ROBUST_Z_SUBPARTIDA|56.0|AEREA Y POSTAL EX - IAAC
125796|1008509000-QUINUA, EXCEPTO PARA LA SIEMBRA|5.798571428571429|81.18|14.0|ROBUST_Z_SUBPARTIDA|56.0|AEREA Y POSTAL EX - IAAC
373340|1008509000-QUINUA, EXCEPTO PARA LA SIEMBRA|5.75|7038.0|1224.0|ROBUST_Z_SUBPARTIDA|57.0|MARITIMA DEL CALLAO
125780|1008509000-QUINUA, EXCEPTO PARA LA SIEMBRA|5.70958024691358|2312.38|405.0|ROBUST_Z_SUBPARTIDA|58.0|MARITIMA DEL CALLAO
125481|1008509000-QUINUA, EXCEPTO PARA LA SIEMBRA|5.6850000000000005|56.85|10.0|ROBUST_Z_SUBPARTIDA|59.0|AEREA Y POSTAL EX - IAAC
126499|1008509000-QUINUA, EXCEPTO PARA LA SIEMBRA|5.6850000000000005|56.85|10.0|ROBUST_Z_SUBPARTIDA|59.0|AEREA Y POSTAL EX - IAAC
124268|1008509000-QUINUA, EXCEPTO PARA LA SIEMBRA|5.65|2881.5|510.0|ROBUST_Z_SUBPARTIDA|60.0|MARITIMA DEL CALLAO
123062|1008509000-QUINUA, EXCEPTO PARA LA SIEMBRA|5.64|56.4|10.0|ROBUST_Z_SUBPARTIDA|61.0|AEREA Y POSTAL EX - IAAC
123066|1008509000-QUINUA, EXCEPTO PARA LA SIEMBRA|5.64|11.28|2.0|ROBUST_Z_SUBPARTIDA|61.0|AEREA Y POSTAL EX - IAAC
124175|1008509000-QUINUA, EXCEPTO PARA LA SIEMBRA|5.592538975501114|5022.1|898.0|ROBUST_Z_SUBPARTIDA|62.0|MARITIMA DEL CALLAO
127056|1008509000-QUINUA, EXCEPTO PARA LA SIEMBRA|5.567410714285714|4988.4|896.0|ROBUST_Z_SUBPARTIDA|63.0|MARITIMA DEL CALLAO
53242|1008509000-QUINUA, EXCEPTO PARA LA SIEMBRA|5.513333333333334|19848.0|3600.0|ROBUST_Z_SUBPARTIDA|64.0|MARITIMA DEL CALLAO
53234|1008509000-QUINUA, EXCEPTO PARA LA SIEMBRA|5.457777777777777|19648.0|3600.0|ROBUST_Z_SUBPARTIDA|65.0|MARITIMA DEL CALLAO
126574|1008509000-QUINUA, EXCEPTO PARA LA SIEMBRA|5.454545454545454|1980.0|363.0|ROBUST_Z_SUBPARTIDA|66.0|MARITIMA DEL CALLAO
125388|1008509000-QUINUA, EXCEPTO PARA LA SIEMBRA|5.4526315789473685|1243.2|228.0|ROBUST_Z_SUBPARTIDA|67.0|MARITIMA DEL CALLAO
125416|1008509000-QUINUA, EXCEPTO PARA LA SIEMBRA|5.449090909090909|1198.8|220.0|ROBUST_Z_SUBPARTIDA|68.0|MARITIMA DEL CALLAO
125386|1008509000-QUINUA, EXCEPTO PARA LA SIEMBRA|5.447852760736196|1776.0|326.0|ROBUST_Z_SUBPARTIDA|69.0|MARITIMA DEL CALLAO
125422|1008509000-QUINUA, EXCEPTO PARA LA SIEMBRA|5.447852760736196|888.0|163.0|ROBUST_Z_SUBPARTIDA|69.0|MARITIMA DEL CALLAO
125459|1008509000-QUINUA, EXCEPTO PARA LA SIEMBRA|5.447222222222222|2353.2|432.0|ROBUST_Z_SUBPARTIDA|70.0|MARITIMA DEL CALLAO
125415|1008509000-QUINUA, EXCEPTO PARA LA SIEMBRA|5.445283018867925|2308.8|424.0|ROBUST_Z_SUBPARTIDA|71.0|MARITIMA DEL CALLAO
125458|1008509000-QUINUA, EXCEPTO PARA LA SIEMBRA|5.445283018867925|2308.8|424.0|ROBUST_Z_SUBPARTIDA|71.0|MARITIMA DEL CALLAO
125414|1008509000-QUINUA, EXCEPTO PARA LA SIEMBRA|5.443269230769231|2264.4|416.0|ROBUST_Z_SUBPARTIDA|72.0|MARITIMA DEL CALLAO
125457|1008509000-QUINUA, EXCEPTO PARA LA SIEMBRA|5.443269230769231|2264.4|416.0|ROBUST_Z_SUBPARTIDA|72.0|MARITIMA DEL CALLAO
125383|1008509000-QUINUA, EXCEPTO PARA LA SIEMBRA|5.4411764705882355|1110.0|204.0|ROBUST_Z_SUBPARTIDA|73.0|MARITIMA DEL CALLAO
125465|1008509000-QUINUA, EXCEPTO PARA LA SIEMBRA|5.436734693877551|1332.0|245.0|ROBUST_Z_SUBPARTIDA|74.0|MARITIMA DEL CALLAO
122758|1008509000-QUINUA, EXCEPTO PARA LA SIEMBRA|5.392271604938271|2183.87|405.0|ROBUST_Z_SUBPARTIDA|75.0|MARITIMA DEL CALLAO
123688|1008509000-QUINUA, EXCEPTO PARA LA SIEMBRA|5.369127516778524|2400.0|447.0|ROBUST_Z_SUBPARTIDA|76.0|MARITIMA DEL CALLAO
123010|1008509000-QUINUA, EXCEPTO PARA LA SIEMBRA|5.364705882352941|1824.0|340.0|ROBUST_Z_SUBPARTIDA|77.0|MARITIMA DEL CALLAO
124901|1008509000-QUINUA, EXCEPTO PARA LA SIEMBRA|5.364705882352941|456.0|85.0|ROBUST_Z_SUBPARTIDA|77.0|MARITIMA DEL CALLAO
53238|1008509000-QUINUA, EXCEPTO PARA LA SIEMBRA|5.326197791164659|10609.786|1992.0|ROBUST_Z_SUBPARTIDA|78.0|MARITIMA DEL CALLAO
126117|1008509000-QUINUA, EXCEPTO PARA LA SIEMBRA|5.324909747292419|2950.0|554.0|ROBUST_Z_SUBPARTIDA|79.0|MARITIMA DEL CALLAO
127203|1008509000-QUINUA, EXCEPTO PARA LA SIEMBRA|5.32|33611.76|6318.0|ROBUST_Z_SUBPARTIDA|80.0|MARITIMA DEL CALLAO
127204|1008509000-QUINUA, EXCEPTO PARA LA SIEMBRA|5.32|28009.8|5265.0|ROBUST_Z_SUBPARTIDA|80.0|MARITIMA DEL CALLAO
53221|1008509000-QUINUA, EXCEPTO PARA LA SIEMBRA|5.318888888888889|9574.0|1800.0|ROBUST_Z_SUBPARTIDA|81.0|MARITIMA DEL CALLAO
126285|1008509000-QUINUA, EXCEPTO PARA LA SIEMBRA|5.302672467371038|8532.0|1609.0|ROBUST_Z_SUBPARTIDA|82.0|MARITIMA DEL CALLAO
125380|1008509000-QUINUA, EXCEPTO PARA LA SIEMBRA|5.302547770700637|3330.0|628.0|ROBUST_Z_SUBPARTIDA|83.0|MARITIMA DEL CALLAO
152437|1008509000-QUINUA, EXCEPTO PARA LA SIEMBRA|5.167474518686297|22814.4|4415.0|ROBUST_Z_SUBPARTIDA|84.0|MARITIMA DEL CALLAO
101575|1008509000-QUINUA, EXCEPTO PARA LA SIEMBRA|5.167389956602604|16670.0|3226.0|ROBUST_Z_SUBPARTIDA|85.0|MARITIMA DEL CALLAO
101570|1008509000-QUINUA, EXCEPTO PARA LA SIEMBRA|5.167014613778706|4950.0|958.0|ROBUST_Z_SUBPARTIDA|86.0|MARITIMA DEL CALLAO
152439|1008509000-QUINUA, EXCEPTO PARA LA SIEMBRA|5.1667774086378735|10886.4|2107.0|ROBUST_Z_SUBPARTIDA|87.0|MARITIMA DEL CALLAO
101579|1008509000-QUINUA, EXCEPTO PARA LA SIEMBRA|5.166679611650486|13304.2|2575.0|ROBUST_Z_SUBPARTIDA|88.0|MARITIMA DEL CALLAO
152438|1008509000-QUINUA, EXCEPTO PARA LA SIEMBRA|5.166363801728059|11360.834|2199.0|ROBUST_Z_SUBPARTIDA|89.0|MARITIMA DEL CALLAO
152436|1008509000-QUINUA, EXCEPTO PARA LA SIEMBRA|5.16571722846442|5516.986|1068.0|ROBUST_Z_SUBPARTIDA|90.0|MARITIMA DEL CALLAO
123677|1008509000-QUINUA, EXCEPTO PARA LA SIEMBRA|5.144404332129964|11400.0|2216.0|ROBUST_Z_SUBPARTIDA|91.0|MARITIMA DEL CALLAO
126702|1008509000-QUINUA, EXCEPTO PARA LA SIEMBRA|5.1|58752.0|11520.0|ROBUST_Z_SUBPARTIDA|92.0|MARITIMA DEL CALLAO
125375|1008509000-QUINUA, EXCEPTO PARA LA SIEMBRA|5.089846625766871|1659.29|326.0|ROBUST_Z_SUBPARTIDA|93.0|MARITIMA DEL CALLAO
53197|1008509000-QUINUA, EXCEPTO PARA LA SIEMBRA|5.057142857142857|72640.8|14364.0|ROBUST_Z_SUBPARTIDA|94.0|MARITIMA DEL CALLAO
124039|1008509000-QUINUA, EXCEPTO PARA LA SIEMBRA|5.05|3393.6|672.0|ROBUST_Z_SUBPARTIDA|95.0|MARITIMA DEL CALLAO
125698|1008509000-QUINUA, EXCEPTO PARA LA SIEMBRA|5.0|1000.0|200.0|ROBUST_Z_SUBPARTIDA|96.0|MARITIMA DEL CALLAO
373317|1008509000-QUINUA, EXCEPTO PARA LA SIEMBRA|5.0|6630.0|1326.0|ROBUST_Z_SUBPARTIDA|96.0|MARITIMA DEL CALLAO
153985|1008509000-QUINUA, EXCEPTO PARA LA SIEMBRA|4.971693277310924|1183.263|238.0|ROBUST_Z_SUBPARTIDA|97.0|MARITIMA DEL CALLAO
125460|1008509000-QUINUA, EXCEPTO PARA LA SIEMBRA|4.970588235294118|1183.0|238.0|ROBUST_Z_SUBPARTIDA|98.0|MARITIMA DEL CALLAO
122598|1008509000-QUINUA, EXCEPTO PARA LA SIEMBRA|4.965146844660194|4091.281|824.0|ROBUST_Z_SUBPARTIDA|99.0|MARITIMA DEL CALLAO
122723|1008509000-QUINUA, EXCEPTO PARA LA SIEMBRA|4.963180471380472|7370.323|1485.0|ROBUST_Z_SUBPARTIDA|100.0|MARITIMA DEL CALLAO
126957|1008509000-QUINUA, EXCEPTO PARA LA SIEMBRA|4.95|3326.4|672.0|ROBUST_Z_SUBPARTIDA|101.0|MARITIMA DEL CALLAO
124630|1008509000-QUINUA, EXCEPTO PARA LA SIEMBRA|4.939427987742595|4835.7|979.0|ROBUST_Z_SUBPARTIDA|102.0|MARITIMA DEL CALLAO
127277|1008509000-QUINUA, EXCEPTO PARA LA SIEMBRA|4.939427987742595|4835.7|979.0|ROBUST_Z_SUBPARTIDA|102.0|MARITIMA DEL CALLAO
126998|1008509000-QUINUA, EXCEPTO PARA LA SIEMBRA|4.932270096463022|15339.36|3110.0|ROBUST_Z_SUBPARTIDA|103.0|MARITIMA DEL CALLAO
127057|1008509000-QUINUA, EXCEPTO PARA LA SIEMBRA|4.911742765273312|7637.76|1555.0|ROBUST_Z_SUBPARTIDA|104.0|MARITIMA DEL CALLAO
127122|1008509000-QUINUA, EXCEPTO PARA LA SIEMBRA|4.890566037735849|5702.4|1166.0|ROBUST_Z_SUBPARTIDA|105.0|MARITIMA DEL CALLAO
126921|1008509000-QUINUA, EXCEPTO PARA LA SIEMBRA|4.86898773006135|1587.29|326.0|ROBUST_Z_SUBPARTIDA|106.0|MARITIMA DEL CALLAO
123972|1008509000-QUINUA, EXCEPTO PARA LA SIEMBRA|4.844447852760736|1579.29|326.0|ROBUST_Z_SUBPARTIDA|107.0|MARITIMA DEL CALLAO
126278|1008509000-QUINUA, EXCEPTO PARA LA SIEMBRA|4.839509703779367|4737.88|979.0|ROBUST_Z_SUBPARTIDA|108.0|MARITIMA DEL CALLAO
129461|1008509000-QUINUA, EXCEPTO PARA LA SIEMBRA|4.824802364240857|78364.44|16242.0|ROBUST_Z_SUBPARTIDA|109.0|MARITIMA DEL CALLAO
125477|1008509000-QUINUA, EXCEPTO PARA LA SIEMBRA|4.821779141104295|1571.9|326.0|ROBUST_Z_SUBPARTIDA|110.0|MARITIMA DEL CALLAO
126465|1008509000-QUINUA, EXCEPTO PARA LA SIEMBRA|4.814395099540582|3143.8|653.0|ROBUST_Z_SUBPARTIDA|111.0|MARITIMA DEL CALLAO
125162|1008509000-QUINUA, EXCEPTO PARA LA SIEMBRA|4.800000000000001|86.4|18.0|ROBUST_Z_SUBPARTIDA|112.0|AEREA Y POSTAL EX - IAAC
125163|1008509000-QUINUA, EXCEPTO PARA LA SIEMBRA|4.8|72.0|15.0|ROBUST_Z_SUBPARTIDA|113.0|AEREA Y POSTAL EX - IAAC
125479|1008509000-QUINUA, EXCEPTO PARA LA SIEMBRA|4.8|201.6|42.0|ROBUST_Z_SUBPARTIDA|113.0|AEREA Y POSTAL EX - IAAC
125795|1008509000-QUINUA, EXCEPTO PARA LA SIEMBRA|4.8|72.0|15.0|ROBUST_Z_SUBPARTIDA|113.0|AEREA Y POSTAL EX - IAAC
125797|1008509000-QUINUA, EXCEPTO PARA LA SIEMBRA|4.8|76.8|16.0|ROBUST_Z_SUBPARTIDA|113.0|AEREA Y POSTAL EX - IAAC
126498|1008509000-QUINUA, EXCEPTO PARA LA SIEMBRA|4.8|201.6|42.0|ROBUST_Z_SUBPARTIDA|113.0|AEREA Y POSTAL EX - IAAC
126966|1008509000-QUINUA, EXCEPTO PARA LA SIEMBRA|4.798249571183534|5594.759|1166.0|ROBUST_Z_SUBPARTIDA|114.0|MARITIMA DEL CALLAO
125480|1008509000-QUINUA, EXCEPTO PARA LA SIEMBRA|4.774736842105263|181.44|38.0|ROBUST_Z_SUBPARTIDA|115.0|AEREA Y POSTAL EX - IAAC
126500|1008509000-QUINUA, EXCEPTO PARA LA SIEMBRA|4.774736842105263|181.44|38.0|ROBUST_Z_SUBPARTIDA|115.0|AEREA Y POSTAL EX - IAAC
124808|1008509000-QUINUA, EXCEPTO PARA LA SIEMBRA|4.719236666666666|14157.71|3000.0|ROBUST_Z_SUBPARTIDA|116.0|MARITIMA DEL CALLAO
124081|1008509000-QUINUA, EXCEPTO PARA LA SIEMBRA|4.718472222222222|10191.9|2160.0|ROBUST_Z_SUBPARTIDA|117.0|MARITIMA DEL CALLAO
126959|1008509000-QUINUA, EXCEPTO PARA LA SIEMBRA|4.708280254777071|2956.8|628.0|ROBUST_Z_SUBPARTIDA|118.0|MARITIMA DEL CALLAO
126967|1008509000-QUINUA, EXCEPTO PARA LA SIEMBRA|4.706341463414634|7718.4|1640.0|ROBUST_Z_SUBPARTIDA|119.0|MARITIMA DEL CALLAO
127044|1008509000-QUINUA, EXCEPTO PARA LA SIEMBRA|4.706341463414634|7718.4|1640.0|ROBUST_Z_SUBPARTIDA|119.0|MARITIMA DEL CALLAO
127216|1008509000-QUINUA, EXCEPTO PARA LA SIEMBRA|4.70625|9638.4|2048.0|ROBUST_Z_SUBPARTIDA|120.0|MARITIMA DEL CALLAO
127043|1008509000-QUINUA, EXCEPTO PARA LA SIEMBRA|4.705882352941177|5760.0|1224.0|ROBUST_Z_SUBPARTIDA|121.0|MARITIMA DEL CALLAO
127215|1008509000-QUINUA, EXCEPTO PARA LA SIEMBRA|4.705418719211823|7641.6|1624.0|ROBUST_Z_SUBPARTIDA|122.0|MARITIMA DEL CALLAO
127048|1008509000-QUINUA, EXCEPTO PARA LA SIEMBRA|4.704502617801047|4492.8|955.0|ROBUST_Z_SUBPARTIDA|123.0|MARITIMA DEL CALLAO
127227|1008509000-QUINUA, EXCEPTO PARA LA SIEMBRA|4.704502617801047|4492.8|955.0|ROBUST_Z_SUBPARTIDA|123.0|MARITIMA DEL CALLAO
127129|1008509000-QUINUA, EXCEPTO PARA LA SIEMBRA|4.704174228675136|5184.0|1102.0|ROBUST_Z_SUBPARTIDA|124.0|MARITIMA DEL CALLAO
127047|1008509000-QUINUA, EXCEPTO PARA LA SIEMBRA|4.703030303030303|3724.8|792.0|ROBUST_Z_SUBPARTIDA|125.0|MARITIMA DEL CALLAO
127205|1008509000-QUINUA, EXCEPTO PARA LA SIEMBRA|4.702040816326531|2304.0|490.0|ROBUST_Z_SUBPARTIDA|126.0|MARITIMA DEL CALLAO
125900|1008509000-QUINUA, EXCEPTO PARA LA SIEMBRA|4.70091675|18803.667|4000.0|ROBUST_Z_SUBPARTIDA|127.0|MARITIMA DEL CALLAO
124178|1008509000-QUINUA, EXCEPTO PARA LA SIEMBRA|4.7|6091.2|1296.0|ROBUST_Z_SUBPARTIDA|128.0|MARITIMA DEL CALLAO
124348|1008509000-QUINUA, EXCEPTO PARA LA SIEMBRA|4.68|12130.56|2592.0|ROBUST_Z_SUBPARTIDA|129.0|MARITIMA DEL CALLAO
122769|1008509000-QUINUA, EXCEPTO PARA LA SIEMBRA|4.674444444444444|6016.01|1287.0|ROBUST_Z_SUBPARTIDA|130.0|MARITIMA DEL CALLAO
126884|1008509000-QUINUA, EXCEPTO PARA LA SIEMBRA|4.673076923076923|3402.0|728.0|ROBUST_Z_SUBPARTIDA|131.0|MARITIMA DEL CALLAO
125378|1008509000-QUINUA, EXCEPTO PARA LA SIEMBRA|4.653061224489796|684.0|147.0|ROBUST_Z_SUBPARTIDA|132.0|MARITIMA DEL CALLAO
122763|1008509000-QUINUA, EXCEPTO PARA LA SIEMBRA|4.642009132420092|1016.6|219.0|ROBUST_Z_SUBPARTIDA|133.0|MARITIMA DEL CALLAO
153987|1008509000-QUINUA, EXCEPTO PARA LA SIEMBRA|4.628571428571429|162.0|35.0|ROBUST_Z_SUBPARTIDA|134.0|MARITIMA DEL CALLAO
124925|1008509000-QUINUA, EXCEPTO PARA LA SIEMBRA|4.614402985074627|618.33|134.0|ROBUST_Z_SUBPARTIDA|135.0|AEREA Y POSTAL EX - IAAC
124010|1008509000-QUINUA, EXCEPTO PARA LA SIEMBRA|4.6|910.8|198.0|ROBUST_Z_SUBPARTIDA|136.0|MARITIMA DEL CALLAO
124040|1008509000-QUINUA, EXCEPTO PARA LA SIEMBRA|4.596943672839506|5957.639|1296.0|ROBUST_Z_SUBPARTIDA|137.0|MARITIMA DEL CALLAO
125237|1008509000-QUINUA, EXCEPTO PARA LA SIEMBRA|0.34|0.34|1.0|ROBUST_Z_SUBPARTIDA|3307.0|MARITIMA DEL CALLAO
122753|1008509000-QUINUA, EXCEPTO PARA LA SIEMBRA|0.33|0.33|1.0|ROBUST_Z_SUBPARTIDA|3308.0|MARITIMA DEL CALLAO
125963|1008509000-QUINUA, EXCEPTO PARA LA SIEMBRA|0.33|0.33|1.0|ROBUST_Z_SUBPARTIDA|3308.0|MARITIMA DEL CALLAO
40237|1008509000-QUINUA, EXCEPTO PARA LA SIEMBRA|0.25|0.5|2.0|ROBUST_Z_SUBPARTIDA|3309.0|MARITIMA DEL CALLAO
40238|1008509000-QUINUA, EXCEPTO PARA LA SIEMBRA|0.25|0.5|2.0|ROBUST_Z_SUBPARTIDA|3309.0|MARITIMA DEL CALLAO
40239|1008509000-QUINUA, EXCEPTO PARA LA SIEMBRA|0.25|0.5|2.0|ROBUST_Z_SUBPARTIDA|3309.0|MARITIMA DEL CALLAO
124346|1008509000-QUINUA, EXCEPTO PARA LA SIEMBRA|0.25|0.25|1.0|ROBUST_Z_SUBPARTIDA|3309.0|MARITIMA DEL CALLAO
125445|1008509000-QUINUA, EXCEPTO PARA LA SIEMBRA|0.25|0.25|1.0|ROBUST_Z_SUBPARTIDA|3309.0|MARITIMA DEL CALLAO
126409|1008509000-QUINUA, EXCEPTO PARA LA SIEMBRA|0.25|0.25|1.0|ROBUST_Z_SUBPARTIDA|3309.0|MARITIMA DEL CALLAO
125044|1008509000-QUINUA, EXCEPTO PARA LA SIEMBRA|0.2|850.0|4250.0|ROBUST_Z_SUBPARTIDA|3310.0|TUMBES
125045|1008509000-QUINUA, EXCEPTO PARA LA SIEMBRA|0.2|4000.0|20000.0|ROBUST_Z_SUBPARTIDA|3310.0|TUMBES
123711|1008509000-QUINUA, EXCEPTO PARA LA SIEMBRA|0.10111111111111111|0.91|9.0|ROBUST_Z_SUBPARTIDA|3311.0|TACNA
122754|1008509000-QUINUA, EXCEPTO PARA LA SIEMBRA|0.1|500.0|5000.0|ROBUST_Z_SUBPARTIDA|3312.0|TACNA
123709|1008509000-QUINUA, EXCEPTO PARA LA SIEMBRA|0.1|1042.5|10425.0|ROBUST_Z_SUBPARTIDA|3312.0|TACNA
123710|1008509000-QUINUA, EXCEPTO PARA LA SIEMBRA|0.1|2.0|20.0|ROBUST_Z_SUBPARTIDA|3312.0|TACNA
125024|1008509000-QUINUA, EXCEPTO PARA LA SIEMBRA|0.1|1047.5|10475.0|ROBUST_Z_SUBPARTIDA|3312.0|TACNA
125025|1008509000-QUINUA, EXCEPTO PARA LA SIEMBRA|0.1|200.0|2000.0|ROBUST_Z_SUBPARTIDA|3312.0|TACNA
125043|1008509000-QUINUA, EXCEPTO PARA LA SIEMBRA|0.1|200.0|2000.0|ROBUST_Z_SUBPARTIDA|3312.0|TACNA
125133|1008509000-QUINUA, EXCEPTO PARA LA SIEMBRA|0.1|0.1|1.0|ROBUST_Z_SUBPARTIDA|3312.0|MARITIMA DEL CALLAO
40390|1008509000-QUINUA, EXCEPTO PARA LA SIEMBRA|0.07142857142857142|1.0|14.0|ROBUST_Z_SUBPARTIDA|3313.0|MARITIMA DEL CALLAO
123756|1008509000-QUINUA, EXCEPTO PARA LA SIEMBRA|0.04|0.04|1.0|ROBUST_Z_SUBPARTIDA|3314.0|MARITIMA DEL CALLAO
122898|1008509000-QUINUA, EXCEPTO PARA LA SIEMBRA|0.02|0.02|1.0|ROBUST_Z_SUBPARTIDA|3315.0|MARITIMA DEL CALLAO
123664|1008509000-QUINUA, EXCEPTO PARA LA SIEMBRA|0.02|0.02|1.0|ROBUST_Z_SUBPARTIDA|3315.0|MARITIMA DEL CALLAO
123665|1008509000-QUINUA, EXCEPTO PARA LA SIEMBRA|0.02|0.04|2.0|ROBUST_Z_SUBPARTIDA|3315.0|MARITIMA DEL CALLAO
123666|1008509000-QUINUA, EXCEPTO PARA LA SIEMBRA|0.02|0.02|1.0|ROBUST_Z_SUBPARTIDA|3315.0|MARITIMA DEL CALLAO
123667|1008509000-QUINUA, EXCEPTO PARA LA SIEMBRA|0.02|0.02|1.0|ROBUST_Z_SUBPARTIDA|3315.0|MARITIMA DEL CALLAO
123668|1008509000-QUINUA, EXCEPTO PARA LA SIEMBRA|0.02|0.04|2.0|ROBUST_Z_SUBPARTIDA|3315.0|MARITIMA DEL CALLAO
123669|1008509000-QUINUA, EXCEPTO PARA LA SIEMBRA|0.02|0.04|2.0|ROBUST_Z_SUBPARTIDA|3315.0|MARITIMA DEL CALLAO
123670|1008509000-QUINUA, EXCEPTO PARA LA SIEMBRA|0.02|0.04|2.0|ROBUST_Z_SUBPARTIDA|3315.0|MARITIMA DEL CALLAO
123920|1008509000-QUINUA, EXCEPTO PARA LA SIEMBRA|0.02|0.04|2.0|ROBUST_Z_SUBPARTIDA|3315.0|MARITIMA DEL CALLAO
125290|1008509000-QUINUA, EXCEPTO PARA LA SIEMBRA|0.02|0.02|1.0|ROBUST_Z_SUBPARTIDA|3315.0|MARITIMA DEL CALLAO
125291|1008509000-QUINUA, EXCEPTO PARA LA SIEMBRA|0.02|0.02|1.0|ROBUST_Z_SUBPARTIDA|3315.0|MARITIMA DEL CALLAO
126106|1008509000-QUINUA, EXCEPTO PARA LA SIEMBRA|0.02|0.06|3.0|ROBUST_Z_SUBPARTIDA|3315.0|MARITIMA DEL CALLAO
126107|1008509000-QUINUA, EXCEPTO PARA LA SIEMBRA|0.02|0.04|2.0|ROBUST_Z_SUBPARTIDA|3315.0|MARITIMA DEL CALLAO
126108|1008509000-QUINUA, EXCEPTO PARA LA SIEMBRA|0.02|0.04|2.0|ROBUST_Z_SUBPARTIDA|3315.0|MARITIMA DEL CALLAO
126109|1008509000-QUINUA, EXCEPTO PARA LA SIEMBRA|0.02|0.04|2.0|ROBUST_Z_SUBPARTIDA|3315.0|MARITIMA DEL CALLAO
126110|1008509000-QUINUA, EXCEPTO PARA LA SIEMBRA|0.02|0.02|1.0|ROBUST_Z_SUBPARTIDA|3315.0|MARITIMA DEL CALLAO
126111|1008509000-QUINUA, EXCEPTO PARA LA SIEMBRA|0.02|0.04|2.0|ROBUST_Z_SUBPARTIDA|3315.0|MARITIMA DEL CALLAO
126262|1008509000-QUINUA, EXCEPTO PARA LA SIEMBRA|0.02|0.04|2.0|ROBUST_Z_SUBPARTIDA|3315.0|MARITIMA DEL CALLAO
126872|1008509000-QUINUA, EXCEPTO PARA LA SIEMBRA|0.02|0.04|2.0|ROBUST_Z_SUBPARTIDA|3315.0|MARITIMA DEL CALLAO
126873|1008509000-QUINUA, EXCEPTO PARA LA SIEMBRA|0.02|0.02|1.0|ROBUST_Z_SUBPARTIDA|3315.0|MARITIMA DEL CALLAO
126874|1008509000-QUINUA, EXCEPTO PARA LA SIEMBRA|0.02|0.04|2.0|ROBUST_Z_SUBPARTIDA|3315.0|MARITIMA DEL CALLAO
123622|1008509000-QUINUA, EXCEPTO PARA LA SIEMBRA|0.01|0.03|3.0|ROBUST_Z_SUBPARTIDA|3316.0|MARITIMA DEL CALLAO
123661|1008509000-QUINUA, EXCEPTO PARA LA SIEMBRA|0.01|0.06|6.0|ROBUST_Z_SUBPARTIDA|3316.0|MARITIMA DEL CALLAO
123662|1008509000-QUINUA, EXCEPTO PARA LA SIEMBRA|0.01|0.06|6.0|ROBUST_Z_SUBPARTIDA|3316.0|MARITIMA DEL CALLAO
123663|1008509000-QUINUA, EXCEPTO PARA LA SIEMBRA|0.01|0.03|3.0|ROBUST_Z_SUBPARTIDA|3316.0|MARITIMA DEL CALLAO
123743|1008509000-QUINUA, EXCEPTO PARA LA SIEMBRA|0.01|0.03|3.0|ROBUST_Z_SUBPARTIDA|3316.0|MARITIMA DEL CALLAO
123744|1008509000-QUINUA, EXCEPTO PARA LA SIEMBRA|0.01|0.03|3.0|ROBUST_Z_SUBPARTIDA|3316.0|MARITIMA DEL CALLAO
124082|1008509000-QUINUA, EXCEPTO PARA LA SIEMBRA|0.01|0.06|6.0|ROBUST_Z_SUBPARTIDA|3316.0|MARITIMA DEL CALLAO
124161|1008509000-QUINUA, EXCEPTO PARA LA SIEMBRA|0.01|0.01|1.0|ROBUST_Z_SUBPARTIDA|3316.0|MARITIMA DEL CALLAO
124166|1008509000-QUINUA, EXCEPTO PARA LA SIEMBRA|0.01|0.03|3.0|ROBUST_Z_SUBPARTIDA|3316.0|MARITIMA DEL CALLAO
124167|1008509000-QUINUA, EXCEPTO PARA LA SIEMBRA|0.01|0.03|3.0|ROBUST_Z_SUBPARTIDA|3316.0|MARITIMA DEL CALLAO
124168|1008509000-QUINUA, EXCEPTO PARA LA SIEMBRA|0.01|0.03|3.0|ROBUST_Z_SUBPARTIDA|3316.0|MARITIMA DEL CALLAO
124169|1008509000-QUINUA, EXCEPTO PARA LA SIEMBRA|0.01|0.03|3.0|ROBUST_Z_SUBPARTIDA|3316.0|MARITIMA DEL CALLAO
124170|1008509000-QUINUA, EXCEPTO PARA LA SIEMBRA|0.01|0.06|6.0|ROBUST_Z_SUBPARTIDA|3316.0|MARITIMA DEL CALLAO
124171|1008509000-QUINUA, EXCEPTO PARA LA SIEMBRA|0.01|0.03|3.0|ROBUST_Z_SUBPARTIDA|3316.0|MARITIMA DEL CALLAO
124172|1008509000-QUINUA, EXCEPTO PARA LA SIEMBRA|0.01|0.03|3.0|ROBUST_Z_SUBPARTIDA|3316.0|MARITIMA DEL CALLAO
124277|1008509000-QUINUA, EXCEPTO PARA LA SIEMBRA|0.01|0.06|6.0|ROBUST_Z_SUBPARTIDA|3316.0|MARITIMA DEL CALLAO
124278|1008509000-QUINUA, EXCEPTO PARA LA SIEMBRA|0.01|0.06|6.0|ROBUST_Z_SUBPARTIDA|3316.0|MARITIMA DEL CALLAO
124555|1008509000-QUINUA, EXCEPTO PARA LA SIEMBRA|0.01|0.01|1.0|ROBUST_Z_SUBPARTIDA|3316.0|MARITIMA DEL CALLAO
125429|1008509000-QUINUA, EXCEPTO PARA LA SIEMBRA|0.01|0.03|3.0|ROBUST_Z_SUBPARTIDA|3316.0|MARITIMA DEL CALLAO
126103|1008509000-QUINUA, EXCEPTO PARA LA SIEMBRA|0.01|0.03|3.0|ROBUST_Z_SUBPARTIDA|3316.0|MARITIMA DEL CALLAO
126104|1008509000-QUINUA, EXCEPTO PARA LA SIEMBRA|0.01|0.03|3.0|ROBUST_Z_SUBPARTIDA|3316.0|MARITIMA DEL CALLAO
126105|1008509000-QUINUA, EXCEPTO PARA LA SIEMBRA|0.01|0.03|3.0|ROBUST_Z_SUBPARTIDA|3316.0|MARITIMA DEL CALLAO
126271|1008509000-QUINUA, EXCEPTO PARA LA SIEMBRA|0.01|0.03|3.0|ROBUST_Z_SUBPARTIDA|3316.0|MARITIMA DEL CALLAO
126341|1008509000-QUINUA, EXCEPTO PARA LA SIEMBRA|0.01|0.01|1.0|ROBUST_Z_SUBPARTIDA|3316.0|MARITIMA DEL CALLAO
126344|1008509000-QUINUA, EXCEPTO PARA LA SIEMBRA|0.01|0.03|3.0|ROBUST_Z_SUBPARTIDA|3316.0|MARITIMA DEL CALLAO
126345|1008509000-QUINUA, EXCEPTO PARA LA SIEMBRA|0.01|0.03|3.0|ROBUST_Z_SUBPARTIDA|3316.0|MARITIMA DEL CALLAO
126346|1008509000-QUINUA, EXCEPTO PARA LA SIEMBRA|0.01|0.03|3.0|ROBUST_Z_SUBPARTIDA|3316.0|MARITIMA DEL CALLAO
126377|1008509000-QUINUA, EXCEPTO PARA LA SIEMBRA|0.01|0.03|3.0|ROBUST_Z_SUBPARTIDA|3316.0|MARITIMA DEL CALLAO
126443|1008509000-QUINUA, EXCEPTO PARA LA SIEMBRA|0.01|0.01|1.0|ROBUST_Z_SUBPARTIDA|3316.0|MARITIMA DEL CALLAO
126871|1008509000-QUINUA, EXCEPTO PARA LA SIEMBRA|0.01|0.03|3.0|ROBUST_Z_SUBPARTIDA|3316.0|MARITIMA DEL CALLAO
126990|1008509000-QUINUA, EXCEPTO PARA LA SIEMBRA|0.01|0.03|3.0|ROBUST_Z_SUBPARTIDA|3316.0|MARITIMA DEL CALLAO
126991|1008509000-QUINUA, EXCEPTO PARA LA SIEMBRA|0.01|0.03|3.0|ROBUST_Z_SUBPARTIDA|3316.0|MARITIMA DEL CALLAO
126992|1008509000-QUINUA, EXCEPTO PARA LA SIEMBRA|0.01|0.03|3.0|ROBUST_Z_SUBPARTIDA|3316.0|MARITIMA DEL CALLAO
126993|1008509000-QUINUA, EXCEPTO PARA LA SIEMBRA|0.01|0.03|3.0|ROBUST_Z_SUBPARTIDA|3316.0|MARITIMA DEL CALLAO
127003|1008509000-QUINUA, EXCEPTO PARA LA SIEMBRA|0.01|0.03|3.0|ROBUST_Z_SUBPARTIDA|3316.0|MARITIMA DEL CALLAO
127050|1008509000-QUINUA, EXCEPTO PARA LA SIEMBRA|0.01|0.03|3.0|ROBUST_Z_SUBPARTIDA|3316.0|MARITIMA DEL CALLAO
127051|1008509000-QUINUA, EXCEPTO PARA LA SIEMBRA|0.01|0.03|3.0|ROBUST_Z_SUBPARTIDA|3316.0|MARITIMA DEL CALLAO
127052|1008509000-QUINUA, EXCEPTO PARA LA SIEMBRA|0.01|0.03|3.0|ROBUST_Z_SUBPARTIDA|3316.0|MARITIMA DEL CALLAO
127053|1008509000-QUINUA, EXCEPTO PARA LA SIEMBRA|0.01|0.03|3.0|ROBUST_Z_SUBPARTIDA|3316.0|MARITIMA DEL CALLAO
127054|1008509000-QUINUA, EXCEPTO PARA LA SIEMBRA|0.01|0.03|3.0|ROBUST_Z_SUBPARTIDA|3316.0|MARITIMA DEL CALLAO
127055|1008509000-QUINUA, EXCEPTO PARA LA SIEMBRA|0.01|0.03|3.0|ROBUST_Z_SUBPARTIDA|3316.0|MARITIMA DEL CALLAO
127098|1008509000-QUINUA, EXCEPTO PARA LA SIEMBRA|0.01|0.03|3.0|ROBUST_Z_SUBPARTIDA|3316.0|MARITIMA DEL CALLAO
124163|1008509000-QUINUA, EXCEPTO PARA LA SIEMBRA|0.005|0.01|2.0|ROBUST_Z_SUBPARTIDA|3317.0|MARITIMA DEL CALLAO
124477|1008509000-QUINUA, EXCEPTO PARA LA SIEMBRA|0.005|0.01|2.0|ROBUST_Z_SUBPARTIDA|3317.0|MARITIMA DEL CALLAO
124999|1008509000-QUINUA, EXCEPTO PARA LA SIEMBRA|0.0025|0.01|4.0|ROBUST_Z_SUBPARTIDA|3318.0|MARITIMA DEL CALLAO
125498|1008509000-QUINUA, EXCEPTO PARA LA SIEMBRA|6.635700066357001e-07|0.001|1507.0|ROBUST_Z_SUBPARTIDA|3319.0|MARITIMA DEL CALLAO
125090|1008509000-QUINUA, EXCEPTO PARA LA SIEMBRA|5e-07|0.001|2000.0|ROBUST_Z_SUBPARTIDA|3320.0|MARITIMA DEL CALLAO
125361|1008509000-QUINUA, EXCEPTO PARA LA SIEMBRA|3.3333333333333335e-07|0.001|3000.0|ROBUST_Z_SUBPARTIDA|3321.0|MARITIMA DEL CALLAO
126249|1008509000-QUINUA, EXCEPTO PARA LA SIEMBRA|3.3333333333333335e-07|0.001|3000.0|ROBUST_Z_SUBPARTIDA|3321.0|MARITIMA DEL CALLAO
126396|1008509000-QUINUA, EXCEPTO PARA LA SIEMBRA|2e-07|0.001|5000.0|ROBUST_Z_SUBPARTIDA|3322.0|MARITIMA DEL CALLAO
123896|1008509000-QUINUA, EXCEPTO PARA LA SIEMBRA|1.6666666666666668e-07|0.001|6000.0|ROBUST_Z_SUBPARTIDA|3323.0|MARITIMA DEL CALLAO
124333|1008509000-QUINUA, EXCEPTO PARA LA SIEMBRA|1.6666666666666668e-07|0.001|6000.0|ROBUST_Z_SUBPARTIDA|3323.0|MARITIMA DEL CALLAO
122808|1008509000-QUINUA, EXCEPTO PARA LA SIEMBRA|1.5151515151515152e-07|0.001|6600.0|ROBUST_Z_SUBPARTIDA|3324.0|MARITIMA DEL CALLAO
123050|1008509000-QUINUA, EXCEPTO PARA LA SIEMBRA|8.333333333333334e-08|0.001|12000.0|ROBUST_Z_SUBPARTIDA|3325.0|MARITIMA DEL CALLAO
126329|1008509000-QUINUA, EXCEPTO PARA LA SIEMBRA|5e-08|0.001|20000.0|ROBUST_Z_SUBPARTIDA|3326.0|MARITIMA DEL CALLAO
143542|1209919000-DEMAS SEMILLAS DE HORTALIZAS, PARA SIEMBRA|16041.4625|128331.7|8.0|LOF_NOVELTY|1.0|AEREA Y POSTAL EX - IAAC
143317|1209919000-DEMAS SEMILLAS DE HORTALIZAS, PARA SIEMBRA|11507.295|23014.59|2.0|LOF_NOVELTY|2.0|AEREA Y POSTAL EX - IAAC
143361|1209919000-DEMAS SEMILLAS DE HORTALIZAS, PARA SIEMBRA|10161.14|10161.14|1.0|LOF_NOVELTY|3.0|AEREA Y POSTAL EX - IAAC
143550|1209919000-DEMAS SEMILLAS DE HORTALIZAS, PARA SIEMBRA|9142.81875|146285.1|16.0|LOF_NOVELTY|4.0|AEREA Y POSTAL EX - IAAC
143486|1209919000-DEMAS SEMILLAS DE HORTALIZAS, PARA SIEMBRA|6008.7197|60087.197|10.0|LOF_NOVELTY|5.0|AEREA Y POSTAL EX - IAAC
143391|1209919000-DEMAS SEMILLAS DE HORTALIZAS, PARA SIEMBRA|4784.63625|19138.545|4.0|LOF_NOVELTY|6.0|AEREA Y POSTAL EX - IAAC
143316|1209919000-DEMAS SEMILLAS DE HORTALIZAS, PARA SIEMBRA|4001.9467857142854|56027.255|14.0|LOF_NOVELTY|7.0|AEREA Y POSTAL EX - IAAC
100950|1209919000-DEMAS SEMILLAS DE HORTALIZAS, PARA SIEMBRA|3225.266666666667|29027.4|9.0|LOF_NOVELTY|9.0|AEREA Y POSTAL EX - IAAC
143457|1209919000-DEMAS SEMILLAS DE HORTALIZAS, PARA SIEMBRA|3177.5426666666667|47663.14|15.0|LOF_NOVELTY|10.0|AEREA Y POSTAL EX - IAAC
142921|1209919000-DEMAS SEMILLAS DE HORTALIZAS, PARA SIEMBRA|3002.8676923076923|195186.4|65.0|LOF_NOVELTY|13.0|AEREA Y POSTAL EX - IAAC
143483|1209919000-DEMAS SEMILLAS DE HORTALIZAS, PARA SIEMBRA|2802.8988095238096|58860.875|21.0|LOF_NOVELTY|15.0|AEREA Y POSTAL EX - IAAC
143476|1209919000-DEMAS SEMILLAS DE HORTALIZAS, PARA SIEMBRA|2785.968|55719.36|20.0|LOF_NOVELTY|16.0|AEREA Y POSTAL EX - IAAC
143509|1209919000-DEMAS SEMILLAS DE HORTALIZAS, PARA SIEMBRA|2733.2374642857144|76530.649|28.0|LOF_NOVELTY|17.0|AEREA Y POSTAL EX - IAAC
143324|1209919000-DEMAS SEMILLAS DE HORTALIZAS, PARA SIEMBRA|2122.228|360778.76|170.0|LOF_NOVELTY|50.0|AEREA Y POSTAL EX - IAAC
143323|1209919000-DEMAS SEMILLAS DE HORTALIZAS, PARA SIEMBRA|1391.3626897590361|461932.413|332.0|LOF_NOVELTY|247.0|AEREA Y POSTAL EX - IAAC
143461|1209919000-DEMAS SEMILLAS DE HORTALIZAS, PARA SIEMBRA|1101.99975|48487.989|44.0|LOF_NOVELTY|276.0|AEREA Y POSTAL EX - IAAC
143449|1209919000-DEMAS SEMILLAS DE HORTALIZAS, PARA SIEMBRA|1088.9424000000001|43557.696|40.0|LOF_NOVELTY|277.0|AEREA Y POSTAL EX - IAAC
142916|1209919000-DEMAS SEMILLAS DE HORTALIZAS, PARA SIEMBRA|1073.5526315789473|40795.0|38.0|LOF_NOVELTY|278.0|AEREA Y POSTAL EX - IAAC
142914|1209919000-DEMAS SEMILLAS DE HORTALIZAS, PARA SIEMBRA|1030.241935483871|31937.5|31.0|LOF_NOVELTY|282.0|AEREA Y POSTAL EX - IAAC
143404|1209919000-DEMAS SEMILLAS DE HORTALIZAS, PARA SIEMBRA|999.0637499999999|23977.53|24.0|LOF_NOVELTY|283.0|AEREA Y POSTAL EX - IAAC
143792|1209919000-DEMAS SEMILLAS DE HORTALIZAS, PARA SIEMBRA|857.3518518518518|69445.5|81.0|LOF_NOVELTY|290.0|AEREA Y POSTAL EX - IAAC
142920|1209919000-DEMAS SEMILLAS DE HORTALIZAS, PARA SIEMBRA|852.2844221105528|169604.6|199.0|LOF_NOVELTY|291.0|AEREA Y POSTAL EX - IAAC
143081|1209919000-DEMAS SEMILLAS DE HORTALIZAS, PARA SIEMBRA|850.0102|153001.836|180.0|LOF_NOVELTY|292.0|AEREA Y POSTAL EX - IAAC
142909|1209919000-DEMAS SEMILLAS DE HORTALIZAS, PARA SIEMBRA|792.6136363636364|34875.0|44.0|LOF_NOVELTY|294.0|AEREA Y POSTAL EX - IAAC
143791|1209919000-DEMAS SEMILLAS DE HORTALIZAS, PARA SIEMBRA|790.8203125|50612.5|64.0|LOF_NOVELTY|295.0|AEREA Y POSTAL EX - IAAC
144041|1209919000-DEMAS SEMILLAS DE HORTALIZAS, PARA SIEMBRA|637.742463768116|440042.3|690.0|LOF_NOVELTY|304.0|AEREA Y POSTAL EX - IAAC
143021|1209919000-DEMAS SEMILLAS DE HORTALIZAS, PARA SIEMBRA|172.316|172.316|1.0|LOF_NOVELTY|489.0|AEREA Y POSTAL EX - IAAC
143072|1209919000-DEMAS SEMILLAS DE HORTALIZAS, PARA SIEMBRA|87.25550717703351|18236.401|209.0|LOF_NOVELTY|549.0|AEREA Y POSTAL EX - IAAC
148405|1209919000-DEMAS SEMILLAS DE HORTALIZAS, PARA SIEMBRA|84.3842717948718|164549.33|1950.0|LOF_NOVELTY|550.0|AEREA Y POSTAL EX - IAAC
144030|1209919000-DEMAS SEMILLAS DE HORTALIZAS, PARA SIEMBRA|69.55|69.55|1.0|LOF_NOVELTY|557.0|AEREA Y POSTAL EX - IAAC
144045|1209919000-DEMAS SEMILLAS DE HORTALIZAS, PARA SIEMBRA|69.375|138.75|2.0|LOF_NOVELTY|558.0|AEREA Y POSTAL EX - IAAC
142871|1209919000-DEMAS SEMILLAS DE HORTALIZAS, PARA SIEMBRA|67.70048076923077|21122.55|312.0|LOF_NOVELTY|559.0|AEREA Y POSTAL EX - IAAC
188776|1209919000-DEMAS SEMILLAS DE HORTALIZAS, PARA SIEMBRA|24.14|48280.0|2000.0|LOF_NOVELTY|561.0|DESAGUADERO
143083|1209919000-DEMAS SEMILLAS DE HORTALIZAS, PARA SIEMBRA|10.914|141.882|13.0|LOF_NOVELTY|562.0|AEREA Y POSTAL EX - IAAC
142805|1209919000-DEMAS SEMILLAS DE HORTALIZAS, PARA SIEMBRA|9.0|18.0|2.0|LOF_NOVELTY|563.0|AEREA Y POSTAL EX - IAAC
143577|1209919000-DEMAS SEMILLAS DE HORTALIZAS, PARA SIEMBRA|4.0|4.0|1.0|LOF_NOVELTY|564.0|AEREA Y POSTAL EX - IAAC
205365|1209919000-DEMAS SEMILLAS DE HORTALIZAS, PARA SIEMBRA|3.118627450980392|318.1|102.0|LOF_NOVELTY|565.0|MARITIMA DEL CALLAO
104631|1209919000-DEMAS SEMILLAS DE HORTALIZAS, PARA SIEMBRA|1.6740295833333334|40176.71|24000.0|LOF_NOVELTY|566.0|MARITIMA DEL CALLAO
144077|1209919000-DEMAS SEMILLAS DE HORTALIZAS, PARA SIEMBRA|1.5300872368670586|8068.15|5273.0|LOF_NOVELTY|567.0|MARITIMA DEL CALLAO
144084|1209919000-DEMAS SEMILLAS DE HORTALIZAS, PARA SIEMBRA|1.50003507746273|25658.1|17105.0|LOF_NOVELTY|569.0|MARITIMA DEL CALLAO
144089|1209919000-DEMAS SEMILLAS DE HORTALIZAS, PARA SIEMBRA|1.5|21060.0|14040.0|LOF_NOVELTY|574.0|MARITIMA DEL CALLAO
144092|1209919000-DEMAS SEMILLAS DE HORTALIZAS, PARA SIEMBRA|1.5|8100.0|5400.0|LOF_NOVELTY|574.0|MARITIMA DEL CALLAO
144105|1209919000-DEMAS SEMILLAS DE HORTALIZAS, PARA SIEMBRA|1.5|75000.0|50000.0|LOF_NOVELTY|574.0|PAITA
264812|1209919000-DEMAS SEMILLAS DE HORTALIZAS, PARA SIEMBRA|1.483|74150.0|50000.0|LOF_NOVELTY|579.0|MARITIMA DEL CALLAO
144103|1209919000-DEMAS SEMILLAS DE HORTALIZAS, PARA SIEMBRA|1.43|9295.0|6500.0|LOF_NOVELTY|581.0|MARITIMA DEL CALLAO
144086|1209919000-DEMAS SEMILLAS DE HORTALIZAS, PARA SIEMBRA|1.400069358434481|11304.16|8074.0|LOF_NOVELTY|583.0|MARITIMA DEL CALLAO
144090|1209919000-DEMAS SEMILLAS DE HORTALIZAS, PARA SIEMBRA|1.3999652260307998|8454.39|6039.0|LOF_NOVELTY|585.0|MARITIMA DEL CALLAO
142910|1209919000-DEMAS SEMILLAS DE HORTALIZAS, PARA SIEMBRA|0.0008333333333333334|0.01|12.0|LOF_NOVELTY|587.0|AEREA Y POSTAL EX - IAAC
143335|1209919000-DEMAS SEMILLAS DE HORTALIZAS, PARA SIEMBRA|0.0005|0.001|2.0|LOF_NOVELTY|588.0|AEREA Y POSTAL EX - IAAC
46336|1211903000-OREGANO (ORIGANUM VULGARE)|36.08888888888889|974.4|27.0|ISOLATION_FOREST|1.0|MARITIMA DEL CALLAO
46337|1211903000-OREGANO (ORIGANUM VULGARE)|36.06545454545454|1983.6|55.0|ISOLATION_FOREST|2.0|MARITIMA DEL CALLAO
152237|1211903000-OREGANO (ORIGANUM VULGARE)|30.429069767441863|2616.9|86.0|ISOLATION_FOREST|3.0|MARITIMA DEL CALLAO
46460|1211903000-OREGANO (ORIGANUM VULGARE)|30.105263157894736|1144.0|38.0|ISOLATION_FOREST|4.0|MARITIMA DEL CALLAO
46474|1211903000-OREGANO (ORIGANUM VULGARE)|29.0|13630.0|470.0|ISOLATION_FOREST|5.0|MARITIMA DEL CALLAO
46500|1211903000-OREGANO (ORIGANUM VULGARE)|29.0|29232.0|1008.0|ISOLATION_FOREST|5.0|MARITIMA DEL CALLAO
46520|1211903000-OREGANO (ORIGANUM VULGARE)|28.0|14000.0|500.0|ISOLATION_FOREST|6.0|MARITIMA DEL CALLAO
46521|1211903000-OREGANO (ORIGANUM VULGARE)|28.0|28000.0|1000.0|ISOLATION_FOREST|6.0|MARITIMA DEL CALLAO
46522|1211903000-OREGANO (ORIGANUM VULGARE)|28.0|28000.0|1000.0|ISOLATION_FOREST|6.0|MARITIMA DEL CALLAO
46523|1211903000-OREGANO (ORIGANUM VULGARE)|28.0|28224.0|1008.0|ISOLATION_FOREST|6.0|MARITIMA DEL CALLAO
46524|1211903000-OREGANO (ORIGANUM VULGARE)|28.0|28000.0|1000.0|ISOLATION_FOREST|6.0|MARITIMA DEL CALLAO
46525|1211903000-OREGANO (ORIGANUM VULGARE)|28.0|34944.0|1248.0|ISOLATION_FOREST|6.0|MARITIMA DEL CALLAO
46526|1211903000-OREGANO (ORIGANUM VULGARE)|28.0|16800.0|600.0|ISOLATION_FOREST|6.0|MARITIMA DEL CALLAO
47090|1211903000-OREGANO (ORIGANUM VULGARE)|26.3404|263.404|10.0|ISOLATION_FOREST|7.0|TACNA
46446|1211903000-OREGANO (ORIGANUM VULGARE)|24.778947368421054|941.6|38.0|ISOLATION_FOREST|8.0|MARITIMA DEL CALLAO
46462|1211903000-OREGANO (ORIGANUM VULGARE)|24.778947368421054|470.8|19.0|ISOLATION_FOREST|8.0|MARITIMA DEL CALLAO
46457|1211903000-OREGANO (ORIGANUM VULGARE)|24.679032258064513|1530.1|62.0|ISOLATION_FOREST|9.0|MARITIMA DEL CALLAO
46555|1211903000-OREGANO (ORIGANUM VULGARE)|24.666666666666668|3996.0|162.0|ISOLATION_FOREST|10.0|MARITIMA DEL CALLAO
46445|1211903000-OREGANO (ORIGANUM VULGARE)|24.520833333333332|588.5|24.0|ISOLATION_FOREST|11.0|MARITIMA DEL CALLAO
46458|1211903000-OREGANO (ORIGANUM VULGARE)|24.520833333333332|588.5|24.0|ISOLATION_FOREST|11.0|MARITIMA DEL CALLAO
46459|1211903000-OREGANO (ORIGANUM VULGARE)|24.520833333333332|1177.0|48.0|ISOLATION_FOREST|11.0|MARITIMA DEL CALLAO
46461|1211903000-OREGANO (ORIGANUM VULGARE)|24.428301886792454|1294.7|53.0|ISOLATION_FOREST|12.0|MARITIMA DEL CALLAO
46444|1211903000-OREGANO (ORIGANUM VULGARE)|24.351724137931036|706.2|29.0|ISOLATION_FOREST|13.0|MARITIMA DEL CALLAO
46463|1211903000-OREGANO (ORIGANUM VULGARE)|24.23235294117647|823.9|34.0|ISOLATION_FOREST|14.0|MARITIMA DEL CALLAO
152236|1211903000-OREGANO (ORIGANUM VULGARE)|24.182846153846153|3143.77|130.0|ISOLATION_FOREST|15.0|MARITIMA DEL CALLAO
46359|1211903000-OREGANO (ORIGANUM VULGARE)|23.0|115.0|5.0|ISOLATION_FOREST|17.0|MARITIMA DEL CALLAO
46357|1211903000-OREGANO (ORIGANUM VULGARE)|21.647058823529413|368.0|17.0|ISOLATION_FOREST|18.0|MARITIMA DEL CALLAO
101457|1211903000-OREGANO (ORIGANUM VULGARE)|21.62222222222222|1167.6|54.0|ISOLATION_FOREST|19.0|MARITIMA DEL CALLAO
46358|1211903000-OREGANO (ORIGANUM VULGARE)|21.296296296296298|575.0|27.0|ISOLATION_FOREST|20.0|MARITIMA DEL CALLAO
47058|1211903000-OREGANO (ORIGANUM VULGARE)|17.877|53.631|3.0|ISOLATION_FOREST|23.0|TACNA
47057|1211903000-OREGANO (ORIGANUM VULGARE)|17.473333333333333|52.42|3.0|ISOLATION_FOREST|24.0|TACNA
46548|1211903000-OREGANO (ORIGANUM VULGARE)|14.815384615384614|385.2|26.0|ISOLATION_FOREST|28.0|MARITIMA DEL CALLAO
46564|1211903000-OREGANO (ORIGANUM VULGARE)|14.056000000000001|70.28|5.0|ISOLATION_FOREST|29.0|AEREA Y POSTAL EX - IAAC
46518|1211903000-OREGANO (ORIGANUM VULGARE)|12.0|5760.0|480.0|ISOLATION_FOREST|30.0|MARITIMA DEL CALLAO
46366|1211903000-OREGANO (ORIGANUM VULGARE)|11.6|116.0|10.0|ISOLATION_FOREST|31.0|AEREA Y POSTAL EX - IAAC
46351|1211903000-OREGANO (ORIGANUM VULGARE)|11.5|115.0|10.0|ISOLATION_FOREST|32.0|MARITIMA DEL CALLAO
46557|1211903000-OREGANO (ORIGANUM VULGARE)|11.3|56500.0|5000.0|ISOLATION_FOREST|33.0|MARITIMA DEL CALLAO
46450|1211903000-OREGANO (ORIGANUM VULGARE)|11.2|56.0|5.0|ISOLATION_FOREST|34.0|AEREA Y POSTAL EX - IAAC
47063|1211903000-OREGANO (ORIGANUM VULGARE)|10.0|80000.0|8000.0|ISOLATION_FOREST|36.0|MARITIMA DEL CALLAO
47064|1211903000-OREGANO (ORIGANUM VULGARE)|10.0|80000.0|8000.0|ISOLATION_FOREST|36.0|MARITIMA DEL CALLAO
47065|1211903000-OREGANO (ORIGANUM VULGARE)|10.0|30000.0|3000.0|ISOLATION_FOREST|36.0|MARITIMA DEL CALLAO
47066|1211903000-OREGANO (ORIGANUM VULGARE)|10.0|80000.0|8000.0|ISOLATION_FOREST|36.0|MARITIMA DEL CALLAO
47067|1211903000-OREGANO (ORIGANUM VULGARE)|10.0|80000.0|8000.0|ISOLATION_FOREST|36.0|MARITIMA DEL CALLAO
47068|1211903000-OREGANO (ORIGANUM VULGARE)|10.0|80000.0|8000.0|ISOLATION_FOREST|36.0|MARITIMA DEL CALLAO
47069|1211903000-OREGANO (ORIGANUM VULGARE)|10.0|80000.0|8000.0|ISOLATION_FOREST|36.0|MARITIMA DEL CALLAO
46377|1211903000-OREGANO (ORIGANUM VULGARE)|9.419558823529412|4483.71|476.0|ISOLATION_FOREST|38.0|MARITIMA DEL CALLAO
46566|1211903000-OREGANO (ORIGANUM VULGARE)|8.753333333333334|78.78|9.0|ISOLATION_FOREST|39.0|AEREA Y POSTAL EX - IAAC
46448|1211903000-OREGANO (ORIGANUM VULGARE)|8.6184|43.092|5.0|ISOLATION_FOREST|41.0|AEREA Y POSTAL EX - IAAC
47061|1211903000-OREGANO (ORIGANUM VULGARE)|7.29|7.29|1.0|ISOLATION_FOREST|47.0|AEREA Y POSTAL EX - IAAC
46473|1211903000-OREGANO (ORIGANUM VULGARE)|7.0|14.0|2.0|ISOLATION_FOREST|48.0|AEREA Y POSTAL EX - IAAC
46928|1211903000-OREGANO (ORIGANUM VULGARE)|5.971428571428571|41.8|7.0|ISOLATION_FOREST|57.0|AEREA Y POSTAL EX - IAAC
46550|1211903000-OREGANO (ORIGANUM VULGARE)|5.2|31.2|6.0|ISOLATION_FOREST|60.0|AEREA Y POSTAL EX - IAAC
46470|1211903000-OREGANO (ORIGANUM VULGARE)|4.3|21.5|5.0|ISOLATION_FOREST|73.0|AEREA Y POSTAL EX - IAAC
46471|1211903000-OREGANO (ORIGANUM VULGARE)|4.3|21.5|5.0|ISOLATION_FOREST|73.0|AEREA Y POSTAL EX - IAAC
46556|1211903000-OREGANO (ORIGANUM VULGARE)|4.2|21.0|5.0|ISOLATION_FOREST|81.0|AEREA Y POSTAL EX - IAAC
46449|1211903000-OREGANO (ORIGANUM VULGARE)|4.081799999999999|20.409|5.0|ISOLATION_FOREST|93.0|AEREA Y POSTAL EX - IAAC
46777|1211903000-OREGANO (ORIGANUM VULGARE)|2.81|151740.0|54000.0|ISOLATION_FOREST|243.0|TACNA
47091|1211903000-OREGANO (ORIGANUM VULGARE)|2.0|24.0|12.0|ISOLATION_FOREST|443.0|AEREA Y POSTAL EX - IAAC
47093|1211903000-OREGANO (ORIGANUM VULGARE)|1.0|6.0|6.0|ISOLATION_FOREST|638.0|AEREA Y POSTAL EX - IAAC
141760|1211903000-OREGANO (ORIGANUM VULGARE)|0.625|5.0|8.0|ISOLATION_FOREST|644.0|TACNA
46546|1211903000-OREGANO (ORIGANUM VULGARE)|0.6|30.0|50.0|ISOLATION_FOREST|645.0|TACNA
141761|1211903000-OREGANO (ORIGANUM VULGARE)|0.5555555555555556|5.0|9.0|ISOLATION_FOREST|646.0|TACNA
46413|1211903000-OREGANO (ORIGANUM VULGARE)|0.5482894736842105|41.67|76.0|ISOLATION_FOREST|647.0|AEREA Y POSTAL EX - IAAC
46919|1211903000-OREGANO (ORIGANUM VULGARE)|0.5|207.0|414.0|ISOLATION_FOREST|649.0|TACNA
46354|1211903000-OREGANO (ORIGANUM VULGARE)|0.4658385093167702|150.0|322.0|ISOLATION_FOREST|650.0|MARITIMA DEL CALLAO
46442|1211903000-OREGANO (ORIGANUM VULGARE)|0.375|18.0|48.0|ISOLATION_FOREST|651.0|AEREA Y POSTAL EX - IAAC
46356|1211903000-OREGANO (ORIGANUM VULGARE)|0.33381712626995647|230.0|689.0|ISOLATION_FOREST|652.0|MARITIMA DEL CALLAO
46371|1211903000-OREGANO (ORIGANUM VULGARE)|0.21428571428571427|1.5|7.0|ISOLATION_FOREST|653.0|TACNA
46733|1211903000-OREGANO (ORIGANUM VULGARE)|1e-07|0.001|10000.0|ISOLATION_FOREST|654.0|TACNA
267358|1211909099-RAICES DE REGALIZ|1065.0|1065.0|1.0|ROBUST_Z_SUBPARTIDA|1.0|AEREA Y POSTAL EX - IAAC
267359|1211909099-RAICES DE REGALIZ|820.0|1640.0|2.0|ROBUST_Z_SUBPARTIDA|2.0|AEREA Y POSTAL EX - IAAC
267360|1211909099-RAICES DE REGALIZ|750.0|1500.0|2.0|ROBUST_Z_SUBPARTIDA|3.0|AEREA Y POSTAL EX - IAAC
267356|1211909099-RAICES DE REGALIZ|676.0|676.0|1.0|ROBUST_Z_SUBPARTIDA|4.0|AEREA Y POSTAL EX - IAAC
267357|1211909099-RAICES DE REGALIZ|650.0|650.0|1.0|ROBUST_Z_SUBPARTIDA|5.0|AEREA Y POSTAL EX - IAAC
58059|1211909099-RAICES DE REGALIZ|236.0|11800.0|50.0|ROBUST_Z_SUBPARTIDA|6.0|AEREA Y POSTAL EX - IAAC
379350|1211909099-RAICES DE REGALIZ|142.40013953488372|12246.412|86.0|ROBUST_Z_SUBPARTIDA|7.0|MARITIMA DEL CALLAO
379348|1211909099-RAICES DE REGALIZ|140.10313333333335|2101.547|15.0|ROBUST_Z_SUBPARTIDA|8.0|AEREA Y POSTAL EX - IAAC
374227|1211909099-RAICES DE REGALIZ|135.0|135.0|1.0|ROBUST_Z_SUBPARTIDA|9.0|AEREA Y POSTAL EX - IAAC
57779|1211909099-RAICES DE REGALIZ|134.5|269.0|2.0|ROBUST_Z_SUBPARTIDA|10.0|AEREA Y POSTAL EX - IAAC
32304|1211909099-RAICES DE REGALIZ|133.21333333333334|799.28|6.0|ROBUST_Z_SUBPARTIDA|11.0|AEREA Y POSTAL EX - IAAC
57990|1211909099-RAICES DE REGALIZ|125.0|750.0|6.0|ROBUST_Z_SUBPARTIDA|12.0|AEREA Y POSTAL EX - IAAC
373651|1211909099-RAICES DE REGALIZ|123.85|12385.0|100.0|ROBUST_Z_SUBPARTIDA|13.0|AEREA Y POSTAL EX - IAAC
93|1211909099-RAICES DE REGALIZ|111.4|11140.0|100.0|ROBUST_Z_SUBPARTIDA|14.0|AEREA Y POSTAL EX - IAAC
34363|1211909099-RAICES DE REGALIZ|110.0|550.0|5.0|ROBUST_Z_SUBPARTIDA|15.0|AEREA Y POSTAL EX - IAAC
252738|1211909099-RAICES DE REGALIZ|108.32333333333334|324.97|3.0|ROBUST_Z_SUBPARTIDA|16.0|AEREA Y POSTAL EX - IAAC
57838|1211909099-RAICES DE REGALIZ|104.5|2090.0|20.0|ROBUST_Z_SUBPARTIDA|17.0|AEREA Y POSTAL EX - IAAC
290793|1211909099-RAICES DE REGALIZ|90.0|900.0|10.0|ROBUST_Z_SUBPARTIDA|18.0|AEREA Y POSTAL EX - IAAC
32305|1211909099-RAICES DE REGALIZ|89.92|269.76|3.0|ROBUST_Z_SUBPARTIDA|19.0|AEREA Y POSTAL EX - IAAC
116491|1211909099-RAICES DE REGALIZ|78.85952|1971.488|25.0|ROBUST_Z_SUBPARTIDA|20.0|AEREA Y POSTAL EX - IAAC
378662|1211909099-RAICES DE REGALIZ|68.5264|342.632|5.0|ROBUST_Z_SUBPARTIDA|21.0|AEREA Y POSTAL EX - IAAC
305768|1211909099-RAICES DE REGALIZ|67.38591111111111|3032.366|45.0|ROBUST_Z_SUBPARTIDA|22.0|MARITIMA DEL CALLAO
137244|1211909099-RAICES DE REGALIZ|66.66666666666667|400.0|6.0|ROBUST_Z_SUBPARTIDA|23.0|AEREA Y POSTAL EX - IAAC
57920|1211909099-RAICES DE REGALIZ|66.49728571428571|465.481|7.0|ROBUST_Z_SUBPARTIDA|24.0|AEREA Y POSTAL EX - IAAC
36000|1211909099-RAICES DE REGALIZ|65.482|65.482|1.0|ROBUST_Z_SUBPARTIDA|25.0|AEREA Y POSTAL EX - IAAC
57800|1211909099-RAICES DE REGALIZ|65.14528|1628.632|25.0|ROBUST_Z_SUBPARTIDA|26.0|AEREA Y POSTAL EX - IAAC
57792|1211909099-RAICES DE REGALIZ|64.97866666666667|584.808|9.0|ROBUST_Z_SUBPARTIDA|27.0|AEREA Y POSTAL EX - IAAC
152681|1211909099-RAICES DE REGALIZ|62.08|62.08|1.0|ROBUST_Z_SUBPARTIDA|28.0|AEREA Y POSTAL EX - IAAC
32325|1211909099-RAICES DE REGALIZ|61.02666666666667|1098.48|18.0|ROBUST_Z_SUBPARTIDA|29.0|MARITIMA DEL CALLAO
127458|1211909099-RAICES DE REGALIZ|60.0|300.0|5.0|ROBUST_Z_SUBPARTIDA|30.0|AEREA Y POSTAL EX - IAAC
312786|1211909099-RAICES DE REGALIZ|60.0|60.0|1.0|ROBUST_Z_SUBPARTIDA|30.0|AEREA Y POSTAL EX - IAAC
301925|1211909099-RAICES DE REGALIZ|59.99333333333334|539.94|9.0|ROBUST_Z_SUBPARTIDA|31.0|MARITIMA DEL CALLAO
343154|1211909099-RAICES DE REGALIZ|59.85|179.55|3.0|ROBUST_Z_SUBPARTIDA|32.0|AEREA Y POSTAL EX - IAAC
34412|1211909099-RAICES DE REGALIZ|58.90272727272727|647.93|11.0|ROBUST_Z_SUBPARTIDA|33.0|MARITIMA DEL CALLAO
343256|1211909099-RAICES DE REGALIZ|58.0|1160.0|20.0|ROBUST_Z_SUBPARTIDA|34.0|AEREA Y POSTAL EX - IAAC
305767|1211909099-RAICES DE REGALIZ|57.14688888888889|1028.644|18.0|ROBUST_Z_SUBPARTIDA|35.0|AEREA Y POSTAL EX - IAAC
379349|1211909099-RAICES DE REGALIZ|56.859736842105264|2160.67|38.0|ROBUST_Z_SUBPARTIDA|36.0|AEREA Y POSTAL EX - IAAC
57017|1211909099-RAICES DE REGALIZ|56.01389090909091|3080.764|55.0|ROBUST_Z_SUBPARTIDA|37.0|AEREA Y POSTAL EX - IAAC
3770|1211909099-RAICES DE REGALIZ|53.995|215.98|4.0|ROBUST_Z_SUBPARTIDA|38.0|MARITIMA DEL CALLAO
120295|1211909099-RAICES DE REGALIZ|53.995|215.98|4.0|ROBUST_Z_SUBPARTIDA|38.0|MARITIMA DEL CALLAO
267412|1211909099-RAICES DE REGALIZ|53.995|215.98|4.0|ROBUST_Z_SUBPARTIDA|38.0|MARITIMA DEL CALLAO
317385|1211909099-RAICES DE REGALIZ|53.995|215.98|4.0|ROBUST_Z_SUBPARTIDA|38.0|MARITIMA DEL CALLAO
367684|1211909099-RAICES DE REGALIZ|53.995|215.98|4.0|ROBUST_Z_SUBPARTIDA|38.0|MARITIMA DEL CALLAO
377134|1211909099-RAICES DE REGALIZ|53.995|215.98|4.0|ROBUST_Z_SUBPARTIDA|38.0|MARITIMA DEL CALLAO
377980|1211909099-RAICES DE REGALIZ|53.995|215.98|4.0|ROBUST_Z_SUBPARTIDA|38.0|MARITIMA DEL CALLAO
181811|1211909099-RAICES DE REGALIZ|52.538|262.69|5.0|ROBUST_Z_SUBPARTIDA|39.0|MARITIMA DEL CALLAO
290871|1211909099-RAICES DE REGALIZ|52.30885714285714|366.162|7.0|ROBUST_Z_SUBPARTIDA|40.0|AEREA Y POSTAL EX - IAAC
290866|1211909099-RAICES DE REGALIZ|48.282000000000004|724.23|15.0|ROBUST_Z_SUBPARTIDA|41.0|MARITIMA DEL CALLAO
627|1211909099-RAICES DE REGALIZ|47.57|285.42|6.0|ROBUST_Z_SUBPARTIDA|42.0|MARITIMA DEL CALLAO
274154|1211909099-RAICES DE REGALIZ|47.142857142857146|6600.0|140.0|ROBUST_Z_SUBPARTIDA|43.0|MARITIMA DEL CALLAO
270166|1211909099-RAICES DE REGALIZ|46.89331818181818|1031.653|22.0|ROBUST_Z_SUBPARTIDA|44.0|AEREA Y POSTAL EX - IAAC
270167|1211909099-RAICES DE REGALIZ|46.81686666666667|702.253|15.0|ROBUST_Z_SUBPARTIDA|45.0|AEREA Y POSTAL EX - IAAC
58053|1211909099-RAICES DE REGALIZ|46.38933333333333|139.168|3.0|ROBUST_Z_SUBPARTIDA|46.0|AEREA Y POSTAL EX - IAAC
57778|1211909099-RAICES DE REGALIZ|45.794333333333334|1373.83|30.0|ROBUST_Z_SUBPARTIDA|47.0|MARITIMA DEL CALLAO
58064|1211909099-RAICES DE REGALIZ|45.23809523809524|1900.0|42.0|ROBUST_Z_SUBPARTIDA|48.0|MARITIMA DEL CALLAO
192951|1211909099-RAICES DE REGALIZ|45.12|225.6|5.0|ROBUST_Z_SUBPARTIDA|49.0|AEREA Y POSTAL EX - IAAC
57946|1211909099-RAICES DE REGALIZ|44.41525|355.322|8.0|ROBUST_Z_SUBPARTIDA|50.0|AEREA Y POSTAL EX - IAAC
136466|1211909099-RAICES DE REGALIZ|44.017857142857146|616.25|14.0|ROBUST_Z_SUBPARTIDA|51.0|MARITIMA DEL CALLAO
343115|1211909099-RAICES DE REGALIZ|44.0|440.0|10.0|ROBUST_Z_SUBPARTIDA|52.0|AEREA Y POSTAL EX - IAAC
376318|1211909099-RAICES DE REGALIZ|43.468|304.276|7.0|ROBUST_Z_SUBPARTIDA|53.0|AEREA Y POSTAL EX - IAAC
57947|1211909099-RAICES DE REGALIZ|43.428333333333335|260.57|6.0|ROBUST_Z_SUBPARTIDA|54.0|AEREA Y POSTAL EX - IAAC
120636|1211909099-RAICES DE REGALIZ|43.196|215.98|5.0|ROBUST_Z_SUBPARTIDA|55.0|MARITIMA DEL CALLAO
133020|1211909099-RAICES DE REGALIZ|43.196|215.98|5.0|ROBUST_Z_SUBPARTIDA|55.0|MARITIMA DEL CALLAO
317164|1211909099-RAICES DE REGALIZ|43.196|215.98|5.0|ROBUST_Z_SUBPARTIDA|55.0|MARITIMA DEL CALLAO
376316|1211909099-RAICES DE REGALIZ|43.196|215.98|5.0|ROBUST_Z_SUBPARTIDA|55.0|MARITIMA DEL CALLAO
40447|1211909099-RAICES DE REGALIZ|42.685833333333335|512.23|12.0|ROBUST_Z_SUBPARTIDA|56.0|MARITIMA DEL CALLAO
34414|1211909099-RAICES DE REGALIZ|42.661886792452826|2261.08|53.0|ROBUST_Z_SUBPARTIDA|57.0|MARITIMA DEL CALLAO
58063|1211909099-RAICES DE REGALIZ|42.5531914893617|2000.0|47.0|ROBUST_Z_SUBPARTIDA|58.0|AEREA Y POSTAL EX - IAAC
